Nome estacao,Nr Rack,Area Linha Separaçao,Linha,Coluna,Codigo Material,Conferencia Obrigatoria
RUA 1,1,1,1,A,52052,0
RUA 1,1,1,1,B,90513,0
RUA 1,1,1,1,C,82688,0
RUA 1,1,1,1,D,75792,0
RUA 1,1,1,1,E,,0
RUA 1,1,1,2,A,83059,0
RUA 1,1,1,2,B,51243,0
RUA 1,1,1,2,C,82689,0
RUA 1,1,1,2,D,,0
RUA 1,1,1,2,E,,0
RUA 1,1,1,3,A,49765,0
RUA 1,1,1,3,B,88077,0
RUA 1,1,1,3,C,49812,0
RUA 1,1,1,3,D,,0
RUA 1,1,1,3,E,,0
RUA 1,1,1,4,A,47950,0
RUA 1,1,1,4,B,48664,0
RUA 1,1,1,4,C,82686,0
RUA 1,1,1,4,D,,0
RUA 1,1,1,4,E,,0
RUA 1,1,1,5,A,74438,0
RUA 1,1,1,5,B,48303,0
RUA 1,1,1,5,C,84214,0
RUA 1,1,1,5,D,77745,0
RUA 1,1,1,5,E,,0
RUA 1,1,1,6,A,84387,0
RUA 1,1,1,6,B,54150,0
RUA 1,1,1,6,C,82685,0
RUA 1,1,1,6,D,,0
RUA 1,1,1,6,E,,0
RUA 2,1,1,1,A,48365,0
RUA 2,1,1,1,B,58506,0
RUA 2,1,1,1,C,46898,0
RUA 2,1,1,1,D,47949,0
RUA 2,1,1,1,E,,0
RUA 2,1,1,2,A,49193,0
RUA 2,1,1,2,B,84399,0
RUA 2,1,1,2,C,54457,0
RUA 2,1,1,2,D,83529,0
RUA 2,1,1,2,E,27707,0
RUA 2,1,1,3,A,84392,0
RUA 2,1,1,3,B,84400,0
RUA 2,1,1,3,C,51874,0
RUA 2,1,1,3,D,89816,0
RUA 2,1,1,3,E,76681,0
RUA 2,1,1,4,A,30192,0
RUA 2,1,1,4,B,54231,0
RUA 2,1,1,4,C,54101,0
RUA 2,1,1,4,D,87842,0
RUA 2,1,1,4,E,,0
RUA 2,1,1,5,A,,0
RUA 2,1,1,5,B,90321,0
RUA 2,1,1,5,C,84391,0
RUA 2,1,1,5,D,76678,0
RUA 2,1,1,5,E,,0
RUA 2,1,1,6,A,56402,0
RUA 2,1,1,6,B,84385,0
RUA 2,1,1,6,C,84388,0
RUA 2,1,1,6,D,87898,0
RUA 2,1,1,6,E,,0
RUA 3,1,1,1,A,53901,0
RUA 3,1,1,1,B,46894,0
RUA 3,1,1,1,C,84049,0
RUA 3,1,1,1,D,,0
RUA 3,1,1,1,E,,0
RUA 3,1,1,2,A,56669,0
RUA 3,1,1,2,B,90812,0
RUA 3,1,1,2,C,90805,0
RUA 3,1,1,2,D,,0
RUA 3,1,1,2,E,,0
RUA 3,1,1,3,A,86431,0
RUA 3,1,1,3,B,86169,0
RUA 3,1,1,3,C,79374,0
RUA 3,1,1,3,D,,0
RUA 3,1,1,3,E,,0
RUA 3,1,1,4,A,53779,0
RUA 3,1,1,4,B,86028,0
RUA 3,1,1,4,C,86206,0
RUA 3,1,1,4,D,,0
RUA 3,1,1,4,E,,0
RUA 3,1,1,5,A,94440,0
RUA 3,1,1,5,B,90820,0
RUA 3,1,1,5,C,56841,0
RUA 3,1,1,5,D,86464,0
RUA 3,1,1,5,E,,0
RUA 3,1,1,6,A,86432,0
RUA 3,1,1,6,B,44803,0
RUA 3,1,1,6,C,90813,0
RUA 3,1,1,6,D,86182,0
RUA 3,1,1,6,E,,0
RUA 4,1,1,1,A,56572,0
RUA 4,1,1,1,B,57390,0
RUA 4,1,1,1,C,87014,0
RUA 4,1,1,1,D,86750,0
RUA 4,1,1,1,E,93405,0
RUA 4,1,1,2,A,93545,0
RUA 4,1,1,2,B,51780,0
RUA 4,1,1,2,C,86751,0
RUA 4,1,1,2,D,94052,0
RUA 4,1,1,2,E,,0
RUA 4,1,1,3,A,87380,0
RUA 4,1,1,3,B,51730,0
RUA 4,1,1,3,C,52745,0
RUA 4,1,1,3,D,52746,0
RUA 4,1,1,3,E,93407,0
RUA 4,1,1,4,A,52344,0
RUA 4,1,1,4,B,93220,0
RUA 4,1,1,4,C,93221,0
RUA 4,1,1,4,D,93548,0
RUA 4,1,1,4,E,54298,0
RUA 4,1,1,5,A,50268,0
RUA 4,1,1,5,B,87453,0
RUA 4,1,1,5,C,87807,0
RUA 4,1,1,5,D,59526,0
RUA 4,1,1,5,E,,0
RUA 4,1,1,6,A,49543,0
RUA 4,1,1,6,B,87013,0
RUA 4,1,1,6,C,12965,0
RUA 4,1,1,6,D,52318,0
RUA 4,1,1,6,E,91475,0
COLMÉIA,1,2,1,A,89030,0
COLMÉIA,1,2,1,B,89033,0
COLMÉIA,1,2,1,C,89153,0
COLMÉIA,1,2,1,D,89977,0
COLMÉIA,1,2,1,E,53340,0
COLMÉIA,1,2,1,F,77839,0
COLMÉIA,1,2,1,G,89031,0
COLMÉIA,1,2,1,H,86137,0
COLMÉIA,1,2,1,I,77845,0
COLMÉIA,1,2,1,J,50484,0
COLMÉIA,1,2,1,K,77854,0
COLMÉIA,1,2,1,L,90345,0
COLMÉIA,1,2,1,M,44581,0
COLMÉIA,1,2,1,N,89028,0
COLMÉIA,1,2,1,O,89032,0
COLMÉIA,1,2,1,P,90364,0
COLMÉIA,1,2,1,Q,55801,0
COLMÉIA,1,2,1,R,90362,0
COLMÉIA,1,2,1,S,90537,0
COLMÉIA,1,2,1,T,90365,0
COLMÉIA,1,2,2,A,75291,0
COLMÉIA,1,2,2,B,90344,0
COLMÉIA,1,2,2,C,88103,0
COLMÉIA,1,2,2,D,87799,0
COLMÉIA,1,2,2,E,48104,0
COLMÉIA,1,2,2,F,89733,0
COLMÉIA,1,2,2,G,87822,0
COLMÉIA,1,2,2,H,88098,0
COLMÉIA,1,2,2,I,87886,0
COLMÉIA,1,2,2,J,82492,0
COLMÉIA,1,2,2,K,77837,0
COLMÉIA,1,2,2,L,77855,0
COLMÉIA,1,2,2,M,90357,0
COLMÉIA,1,2,2,N,40090,0
COLMÉIA,1,2,2,O,87819,0
COLMÉIA,1,2,2,P,87821,0
COLMÉIA,1,2,2,Q,89029,0
COLMÉIA,1,2,2,R,88947,0
COLMÉIA,1,2,2,S,77842,0
COLMÉIA,1,2,2,T,88101,0
COLMÉIA,1,2,3,A,86135,0
COLMÉIA,1,2,3,B,89077,0
COLMÉIA,1,2,3,C,51270,0
COLMÉIA,1,2,3,D,87818,0
COLMÉIA,1,2,3,E,89576,0
COLMÉIA,1,2,3,F,89027,0
COLMÉIA,1,2,3,G,89026,0
COLMÉIA,1,2,3,H,49902,0
COLMÉIA,1,2,3,I,88099,0
COLMÉIA,1,2,3,J,87887,0
COLMÉIA,1,2,3,K,89073,0
COLMÉIA,1,2,3,L,86133,0
COLMÉIA,1,2,3,M,88614,0
COLMÉIA,1,2,3,N,01790,0
COLMÉIA,1,2,3,O,55588,0
COLMÉIA,1,2,3,P,87794,0
COLMÉIA,1,2,3,Q,59359,0
COLMÉIA,1,2,3,R,51455,0
COLMÉIA,1,2,3,S,89075,0
COLMÉIA,1,2,3,T,89070,0
COLMÉIA,1,2,4,A,79133,0
COLMÉIA,1,2,4,B,55879,0
COLMÉIA,1,2,4,C,87790,0
COLMÉIA,1,2,4,D,48101,0
COLMÉIA,1,2,4,E,87791,0
COLMÉIA,1,2,4,F,87796,0
COLMÉIA,1,2,4,G,89071,0
COLMÉIA,1,2,4,H,87795,0
COLMÉIA,1,2,4,I,85925,0
COLMÉIA,1,2,4,J,88819,0
COLMÉIA,1,2,4,K,85023,0
COLMÉIA,1,2,4,L,86119,0
COLMÉIA,1,2,4,M,58333,0
COLMÉIA,1,2,4,N,56623,0
COLMÉIA,1,2,4,O,53019,0
COLMÉIA,1,2,4,P,87803,0
COLMÉIA,1,2,4,Q,87802,0
COLMÉIA,1,2,4,R,85032,0
COLMÉIA,1,2,4,S,89068,0
COLMÉIA,1,2,4,T,85012,0
COLMÉIA,1,2,5,A,85015,0
COLMÉIA,1,2,5,B,75374,0
COLMÉIA,1,2,5,C,56465,0
COLMÉIA,1,2,5,D,,0
COLMÉIA,1,2,5,E,89069,0
COLMÉIA,1,2,5,F,89074,0
COLMÉIA,1,2,5,G,73869,0
COLMÉIA,1,2,5,H,87804,0
COLMÉIA,1,2,5,I,59468,0
COLMÉIA,1,2,5,J,59469,0
COLMÉIA,1,2,5,K,89076,0
COLMÉIA,1,2,5,L,87801,0
COLMÉIA,1,2,5,M,87797,0
COLMÉIA,1,2,5,N,87793,0
COLMÉIA,1,2,5,O,87425,0
COLMÉIA,1,2,5,P,88015,0
COLMÉIA,1,2,5,Q,88011,0
COLMÉIA,1,2,5,R,87792,0
COLMÉIA,1,2,5,S,89552,0
COLMÉIA,1,2,5,T,89067,0
COLMÉIA,1,2,6,A,49900,0
COLMÉIA,1,2,6,B,89863,0
COLMÉIA,1,2,6,C,58627,0
COLMÉIA,1,2,6,D,84965,0
COLMÉIA,1,2,6,E,58334,0
COLMÉIA,1,2,6,F,48015,0
COLMÉIA,1,2,6,G,82551,0
COLMÉIA,1,2,6,H,75755,0
COLMÉIA,1,2,6,I,94908,0
COLMÉIA,1,2,6,J,77860,0
COLMÉIA,1,2,6,K,55731,0
COLMÉIA,1,2,6,L,92647,0
COLMÉIA,1,2,6,M,87805,0
COLMÉIA,1,2,6,N,84871,0
COLMÉIA,1,2,6,O,96419,0
COLMÉIA,1,2,6,P,86136,0
COLMÉIA,1,2,6,Q,75389,0
COLMÉIA,1,2,6,R,90702,0
COLMÉIA,1,2,6,S,49150,0
COLMÉIA,1,2,6,T,79484,0
COLMÉIA,1,2,7,A,89991,0
COLMÉIA,1,2,7,B,84966,0
COLMÉIA,1,2,7,C,87456,0
COLMÉIA,1,2,7,D,56761,0
COLMÉIA,1,2,7,E,85031,0
COLMÉIA,1,2,7,F,86611,0
COLMÉIA,1,2,7,G,55796,0
COLMÉIA,1,2,7,H,84967,0
COLMÉIA,1,2,7,I,59406,0
COLMÉIA,1,2,7,J,56417,0
COLMÉIA,1,2,7,K,85030,0
COLMÉIA,1,2,7,L,51183,0
COLMÉIA,1,2,7,M,87455,0
COLMÉIA,1,2,7,N,84960,0
COLMÉIA,1,2,7,O,84862,0
COLMÉIA,1,2,7,P,09401,0
COLMÉIA,1,2,7,Q,94221,0
COLMÉIA,1,2,7,R,81508,0
COLMÉIA,1,2,7,S,59888,0
COLMÉIA,1,2,7,T,2252;02252,0
COLMÉIA,1,2,8,A,94517,0
COLMÉIA,1,2,8,B,56675,0
COLMÉIA,1,2,8,C,59891,0
COLMÉIA,1,2,8,D,09400,0
COLMÉIA,1,2,8,E,84863,0
COLMÉIA,1,2,8,F,85399,0
COLMÉIA,1,2,8,G,86366,0
COLMÉIA,1,2,8,H,85533,0
COLMÉIA,1,2,8,I,51021,0
COLMÉIA,1,2,8,J,57059,0
COLMÉIA,1,2,8,K,94521,0
COLMÉIA,1,2,8,L,92813,0
COLMÉIA,1,2,8,M,87435,0
COLMÉIA,1,2,8,N,95419,0
COLMÉIA,1,2,8,O,85857,0
COLMÉIA,1,2,8,P,92312,0
COLMÉIA,1,2,8,Q,2276;02276,0
COLMÉIA,1,2,8,R,82540,0
COLMÉIA,1,2,8,S,82535,0
COLMÉIA,1,2,8,T,55982,0
COLMÉIA,1,2,9,A,71500,0
COLMÉIA,1,2,9,B,85018,0
COLMÉIA,1,2,9,C,85014,0
COLMÉIA,1,2,9,D,86534,0
COLMÉIA,1,2,9,E,89268,0
COLMÉIA,1,2,9,F,77138,0
COLMÉIA,1,2,9,G,48983,0
COLMÉIA,1,2,9,H,85846,0
COLMÉIA,1,2,9,I,52797,0
COLMÉIA,1,2,9,J,48270,0
COLMÉIA,1,2,9,K,94516,0
COLMÉIA,1,2,9,L,92673,0
COLMÉIA,1,2,9,M,87436,0
COLMÉIA,1,2,9,N,75386,0
COLMÉIA,1,2,9,O,56578,0
COLMÉIA,1,2,9,P,90339,0
COLMÉIA,1,2,9,Q,48974,0
COLMÉIA,1,2,9,R,59384,0
COLMÉIA,1,2,9,S,55405,0
COLMÉIA,1,2,9,T,53838,0
COLMÉIA,1,2,10,A,94520,0
COLMÉIA,1,2,10,B,52584,0
COLMÉIA,1,2,10,C,95352,0
COLMÉIA,1,2,10,D,95351,0
COLMÉIA,1,2,10,E,77853,0
COLMÉIA,1,2,10,F,84860,0
COLMÉIA,1,2,10,G,85851,0
COLMÉIA,1,2,10,H,48979,0
COLMÉIA,1,2,10,I,79437,0
COLMÉIA,1,2,10,J,84866,0
COLMÉIA,1,2,10,K,94518,0
COLMÉIA,1,2,10,L,87048,0
COLMÉIA,1,2,10,M,52935,0
COLMÉIA,1,2,10,N,52154,0
COLMÉIA,1,2,10,O,84873,0
COLMÉIA,1,2,10,P,47465,0
COLMÉIA,1,2,10,Q,52150,0
COLMÉIA,1,2,10,R,53952,0
COLMÉIA,1,2,10,S,53342,0
COLMÉIA,1,2,10,T,88585,0
COLMÉIA,1,2,11,A,76598,0
COLMÉIA,1,2,11,B,87045,0
COLMÉIA,1,2,11,C,85864,0
COLMÉIA,1,2,11,D,94510,0
COLMÉIA,1,2,11,E,52145,0
COLMÉIA,1,2,11,F,54527,0
COLMÉIA,1,2,11,G,86132,0
COLMÉIA,1,2,11,H,04539,0
COLMÉIA,1,2,11,I,84968,0
COLMÉIA,1,2,11,J,88102,0
COLMÉIA,1,2,11,K,58816,0
COLMÉIA,1,2,11,L,52161,0
COLMÉIA,1,2,11,M,52153,0
COLMÉIA,1,2,11,N,88471,0
COLMÉIA,1,2,11,O,77846,0
COLMÉIA,1,2,11,P,87820,0
COLMÉIA,1,2,11,Q,51174,0
COLMÉIA,1,2,11,R,87352,0
COLMÉIA,1,2,11,S,53734,0
COLMÉIA,1,2,11,T,88100,0
COLMÉIA,1,2,12,A,76599,0
COLMÉIA,1,2,12,B,76597,0
COLMÉIA,1,2,12,C,84870,0
COLMÉIA,1,2,12,D,84959,0
COLMÉIA,1,2,12,E,52159,0
COLMÉIA,1,2,12,F,52579,0
COLMÉIA,1,2,12,G,94507,0
COLMÉIA,1,2,12,H,48986,0
COLMÉIA,1,2,12,I,,0
COLMÉIA,1,2,12,J,51185,0
COLMÉIA,1,2,12,K,81480,0
COLMÉIA,1,2,12,L,87444,0
COLMÉIA,1,2,12,M,2286;02286,0
COLMÉIA,1,2,12,N,87046,0
COLMÉIA,1,2,12,O,87044,0
COLMÉIA,1,2,12,P,01808,0
COLMÉIA,1,2,12,Q,82102,0
COLMÉIA,1,2,12,R,94506,0
COLMÉIA,1,2,12,S,94505,0
COLMÉIA,1,2,12,T,77840,0
COLMÉIA,1,2,13,A,87437,0
COLMÉIA,1,2,13,B,82533,0
COLMÉIA,1,2,13,C,76601,0
COLMÉIA,1,2,13,D,85855,0
COLMÉIA,1,2,13,E,54530,0
COLMÉIA,1,2,13,F,87959,0
COLMÉIA,1,2,13,G,52160,0
COLMÉIA,1,2,13,H,87925,0
COLMÉIA,1,2,13,I,52194,0
COLMÉIA,1,2,13,J,53341,0
COLMÉIA,1,2,13,K,81481,0
COLMÉIA,1,2,13,L,52403,0
COLMÉIA,1,2,13,M,82534,0
COLMÉIA,1,2,13,N,84962,0
COLMÉIA,1,2,13,O,86954,0
COLMÉIA,1,2,13,P,50888,0
COLMÉIA,1,2,13,Q,48978,0
COLMÉIA,1,2,13,R,52163,0
COLMÉIA,1,2,13,S,85011,0
COLMÉIA,1,2,13,T,52816,0
COLMÉIA,1,2,14,A,50369,0
COLMÉIA,1,2,14,B,52258,0
COLMÉIA,1,2,14,C,84879,0
COLMÉIA,1,2,14,D,58624,0
COLMÉIA,1,2,14,E,05546,0
COLMÉIA,1,2,14,F,53339,0
COLMÉIA,1,2,14,G,52156,0
COLMÉIA,1,2,14,H,75629,0
COLMÉIA,1,2,14,I,87482,0
COLMÉIA,1,2,14,J,75631,0
COLMÉIA,1,2,14,K,59884,0
COLMÉIA,1,2,14,L,84875,0
COLMÉIA,1,2,14,M,85013,0
COLMÉIA,1,2,14,N,56709,0
COLMÉIA,1,2,14,O,52155,0
COLMÉIA,1,2,14,P,58815,0
COLMÉIA,1,2,14,Q,52199,0
COLMÉIA,1,2,14,R,84872,0
COLMÉIA,1,2,14,S,75630,0
COLMÉIA,1,2,14,T,75626,0
COLMÉIA,1,2,15,A,85666,0
COLMÉIA,1,2,15,B,70878,0
COLMÉIA,1,2,15,C,53907,0
COLMÉIA,1,2,15,D,85668,0
COLMÉIA,1,2,15,E,50990,0
COLMÉIA,1,2,15,F,50379,0
COLMÉIA,1,2,15,G,50381,0
COLMÉIA,1,2,15,H,50380,0
COLMÉIA,1,2,15,I,75742,0
COLMÉIA,1,2,15,J,75754,0
COLMÉIA,1,2,15,K,52326,0
COLMÉIA,1,2,15,L,82530,0
COLMÉIA,1,2,15,M,2285;02285,0
COLMÉIA,1,2,15,N,52798,0
COLMÉIA,1,2,15,O,87043,0
COLMÉIA,1,2,15,P,50756,0
COLMÉIA,1,2,15,Q,56276,0
COLMÉIA,1,2,15,R,09497,0
COLMÉIA,1,2,15,S,75568,0
COLMÉIA,1,2,15,T,53862,0
COLMÉIA,1,2,16,A,87404,0
COLMÉIA,1,2,16,B,09593,0
COLMÉIA,1,2,16,C,52845,0
COLMÉIA,1,2,16,D,58629,0
COLMÉIA,1,2,16,E,94220,0
COLMÉIA,1,2,16,F,84869,0
COLMÉIA,1,2,16,G,54512,0
COLMÉIA,1,2,16,H,84861,0
COLMÉIA,1,2,16,I,56659,0
COLMÉIA,1,2,16,J,93282,0
COLMÉIA,1,2,16,K,93281,0
COLMÉIA,1,2,16,L,55438,0
COLMÉIA,1,2,16,M,90106,0
COLMÉIA,1,2,16,N,53847,0
COLMÉIA,1,2,16,O,07395,0
COLMÉIA,1,2,16,P,80835,0
COLMÉIA,1,2,16,Q,89635,0
COLMÉIA,1,2,16,R,55732,0
COLMÉIA,1,2,16,S,,0
COLMÉIA,1,2,16,T,54522,0
COLMÉIA,1,2,17,A,84868,0
COLMÉIA,1,2,17,B,09585,0
COLMÉIA,1,2,17,C,52795,0
COLMÉIA,1,2,17,D,84865,0
COLMÉIA,1,2,17,E,56671,0
COLMÉIA,1,2,17,F,52335,0
COLMÉIA,1,2,17,G,09590,0
COLMÉIA,1,2,17,H,93285,0
COLMÉIA,1,2,17,I,85027,0
COLMÉIA,1,2,17,J,05230,0
COLMÉIA,1,2,17,K,56640,0
COLMÉIA,1,2,17,L,93493,0
COLMÉIA,1,2,17,M,85943,0
COLMÉIA,1,2,17,N,89059,0
COLMÉIA,1,2,17,O,75756,0
COLMÉIA,1,2,17,P,86804,0
COLMÉIA,1,2,17,Q,85024,0
COLMÉIA,1,2,17,R,88164,0
COLMÉIA,1,2,17,S,,0
COLMÉIA,1,2,17,T,85016,0
COLMÉIA,1,2,18,A,85008,0
COLMÉIA,1,2,18,B,53767,0
COLMÉIA,1,2,18,C,59885,0
COLMÉIA,1,2,18,D,48108,0
COLMÉIA,1,2,18,E,27858,0
COLMÉIA,1,2,18,F,53910,0
COLMÉIA,1,2,18,G,85400,0
COLMÉIA,1,2,18,H,82548,0
COLMÉIA,1,2,18,I,85403,0
COLMÉIA,1,2,18,J,54516,0
COLMÉIA,1,2,18,K,94226,0
COLMÉIA,1,2,18,L,85026,0
COLMÉIA,1,2,18,M,59883,0
COLMÉIA,1,2,18,N,57021,0
COLMÉIA,1,2,18,O,51282,0
COLMÉIA,1,2,18,P,85402,0
COLMÉIA,1,2,18,Q,86120,0
COLMÉIA,1,2,18,R,93279,0
COLMÉIA,1,2,18,S,88018,0
COLMÉIA,1,2,18,T,85029,0
COLMÉIA,1,2,19,A,86125,0
COLMÉIA,1,2,19,B,93703,0
COLMÉIA,1,2,19,C,75595,0
COLMÉIA,1,2,19,D,85412,0
COLMÉIA,1,2,19,E,93287,0
COLMÉIA,1,2,19,F,51468,0
COLMÉIA,1,2,19,G,87491,0
COLMÉIA,1,2,19,H,81636,0
COLMÉIA,1,2,19,I,48990,0
COLMÉIA,1,2,19,J,54511,0
COLMÉIA,1,2,19,K,53741,0
COLMÉIA,1,2,19,L,93275,0
COLMÉIA,1,2,19,M,75765,0
COLMÉIA,1,2,19,N,58185,0
COLMÉIA,1,2,19,O,07394,0
COLMÉIA,1,2,19,P,59051,0
COLMÉIA,1,2,19,Q,75767,0
COLMÉIA,1,2,19,R,,0
COLMÉIA,1,2,19,S,54506,0
COLMÉIA,1,2,19,T,48102,0
COLMÉIA,1,2,20,A,94227,0
COLMÉIA,1,2,20,B,94230,0
COLMÉIA,1,2,20,C,52334,0
COLMÉIA,1,2,20,D,87101,0
COLMÉIA,1,2,20,E,81634,0
COLMÉIA,1,2,20,F,87762,0
COLMÉIA,1,2,20,G,95313,0
COLMÉIA,1,2,20,H,93701,0
COLMÉIA,1,2,20,I,54004,0
COLMÉIA,1,2,20,J,54001,0
COLMÉIA,1,2,20,K,52582,0
COLMÉIA,1,2,20,L,52585,0
COLMÉIA,1,2,20,M,84928,0
COLMÉIA,1,2,20,N,84970,0
COLMÉIA,1,2,20,O,50705,0
COLMÉIA,1,2,20,P,58813,0
COLMÉIA,1,2,20,Q,55505,0
COLMÉIA,1,2,20,R,82550,0
COLMÉIA,1,2,20,S,82553,0
COLMÉIA,1,2,20,T,87787,0
COLMÉIA,1,2,21,A,86123,0
COLMÉIA,1,2,21,B,94229,0
COLMÉIA,1,2,21,C,82546,0
COLMÉIA,1,2,21,D,86127,0
COLMÉIA,1,2,21,E,55481,0
COLMÉIA,1,2,21,F,59886,0
COLMÉIA,1,2,21,G,52583,0
COLMÉIA,1,2,21,H,36637,0
COLMÉIA,1,2,21,I,51190,0
COLMÉIA,1,2,21,J,94222,0
COLMÉIA,1,2,21,K,76689,0
COLMÉIA,1,2,21,L,57493,0
COLMÉIA,1,2,21,M,89060,0
COLMÉIA,1,2,21,N,01787,0
COLMÉIA,1,2,21,O,53904,0
COLMÉIA,1,2,21,P,01862,0
COLMÉIA,1,2,21,Q,84908,0
COLMÉIA,1,2,21,R,84907,0
COLMÉIA,1,2,21,S,87446,0
COLMÉIA,1,2,21,T,79909,0
COLMÉIA,1,2,22,A,75777,0
COLMÉIA,1,2,22,B,48106,0
COLMÉIA,1,2,22,C,82545,0
COLMÉIA,1,2,22,D,59053,0
COLMÉIA,1,2,22,E,81618,0
COLMÉIA,1,2,22,F,59048,0
COLMÉIA,1,2,22,G,55882,0
COLMÉIA,1,2,22,H,51276,0
COLMÉIA,1,2,22,I,55986,0
COLMÉIA,1,2,22,J,88619,0
COLMÉIA,1,2,22,K,86122,0
COLMÉIA,1,2,22,L,82815,0
COLMÉIA,1,2,22,M,75766,0
COLMÉIA,1,2,22,N,94228,0
COLMÉIA,1,2,22,O,81613,0
COLMÉIA,1,2,22,P,89470,0
COLMÉIA,1,2,22,Q,49218,0
COLMÉIA,1,2,22,R,52620,0
COLMÉIA,1,2,22,S,58622,0
COLMÉIA,1,2,22,T,88598,0
COLMÉIA,1,2,23,A,81626,0
COLMÉIA,1,2,23,B,81631,0
COLMÉIA,1,2,23,C,86737,0
COLMÉIA,1,2,23,D,82537,0
COLMÉIA,1,2,23,E,51272,0
COLMÉIA,1,2,23,F,94231,0
COLMÉIA,1,2,23,G,51273,0
COLMÉIA,1,2,23,H,52638,0
COLMÉIA,1,2,23,I,01863,0
COLMÉIA,1,2,23,J,59030,0
COLMÉIA,1,2,23,K,53427,0
COLMÉIA,1,2,23,L,89315,0
COLMÉIA,1,2,23,M,48107,0
COLMÉIA,1,2,23,N,86166,0
COLMÉIA,1,2,23,O,87103,0
COLMÉIA,1,2,23,P,57500,0
COLMÉIA,1,2,23,Q,81614,0
COLMÉIA,1,2,23,R,86605,0
COLMÉIA,1,2,23,S,59047,0
COLMÉIA,1,2,23,T,36826,0
COLMÉIA,1,2,24,A,86124,0
COLMÉIA,1,2,24,B,59041,0
COLMÉIA,1,2,24,C,59045,0
COLMÉIA,1,2,24,D,58188,0
COLMÉIA,1,2,24,E,85823,0
COLMÉIA,1,2,24,F,87440,0
COLMÉIA,1,2,24,G,89235,0
COLMÉIA,1,2,24,H,81605,0
COLMÉIA,1,2,24,I,55981,0
COLMÉIA,1,2,24,J,37696,0
COLMÉIA,1,2,24,K,58993,0
COLMÉIA,1,2,24,L,84882,0
COLMÉIA,1,2,24,M,87102,0
COLMÉIA,1,2,24,N,85006,0
COLMÉIA,1,2,24,O,55994,0
COLMÉIA,1,2,24,P,55984,0
COLMÉIA,1,2,24,Q,51268,0
COLMÉIA,1,2,24,R,88012,0
COLMÉIA,1,2,24,S,85848,0
COLMÉIA,1,2,24,T,36488,0
COLMÉIA,1,2,25,A,85854,0
COLMÉIA,1,2,25,B,59040,0
COLMÉIA,1,2,25,C,57475,0
COLMÉIA,1,2,25,D,88519,0
COLMÉIA,1,2,25,E,75297,0
COLMÉIA,1,2,25,F,94234,0
COLMÉIA,1,2,25,G,94232,0
COLMÉIA,1,2,25,H,51191,0
COLMÉIA,1,2,25,I,82491,0
COLMÉIA,1,2,25,J,81623,0
COLMÉIA,1,2,25,K,86128,0
COLMÉIA,1,2,25,L,79363,0
COLMÉIA,1,2,25,M,82549,0
COLMÉIA,1,2,25,N,82552,0
COLMÉIA,1,2,25,O,75757,0
COLMÉIA,1,2,25,P,59046,0
COLMÉIA,1,2,25,Q,81602,0
COLMÉIA,1,2,25,R,57438,0
COLMÉIA,1,2,25,S,85667,0
COLMÉIA,1,2,25,T,51383,0
COLMÉIA,1,2,26,A,86121,0
COLMÉIA,1,2,26,B,30014,0
COLMÉIA,1,2,26,C,82239,0
COLMÉIA,1,2,26,D,50250,0
COLMÉIA,1,2,26,E,57582,0
COLMÉIA,1,2,26,F,59039,0
COLMÉIA,1,2,26,G,30019,0
COLMÉIA,1,2,26,H,82495,0
COLMÉIA,1,2,26,I,82493,0
COLMÉIA,1,2,26,J,81608,0
COLMÉIA,1,2,26,K,30007,0
COLMÉIA,1,2,26,L,54229,0
COLMÉIA,1,2,26,M,81610,0
COLMÉIA,1,2,26,N,51281,0
COLMÉIA,1,2,26,O,52037,0
COLMÉIA,1,2,26,P,81621,0
COLMÉIA,1,2,26,Q,88017,0
COLMÉIA,1,2,26,R,76824,0
COLMÉIA,1,2,26,S,09589,0
COLMÉIA,1,2,26,T,81640,0
COLMÉIA,1,2,27,A,56051,0
COLMÉIA,1,2,27,B,58566,0
COLMÉIA,1,2,27,C,50251,0
COLMÉIA,1,2,27,D,50253,0
COLMÉIA,1,2,27,E,90093,0
COLMÉIA,1,2,27,F,81612,0
COLMÉIA,1,2,27,G,55207,0
COLMÉIA,1,2,27,H,59050,0
COLMÉIA,1,2,27,I,84867,0
COLMÉIA,1,2,27,J,51180,0
COLMÉIA,1,2,27,K,94233,0
COLMÉIA,1,2,27,L,84926,0
COLMÉIA,1,2,27,M,86339,0
COLMÉIA,1,2,27,N,86355,0
COLMÉIA,1,2,27,O,81644,0
COLMÉIA,1,2,27,P,52814,0
COLMÉIA,1,2,27,Q,84878,0
COLMÉIA,1,2,27,R,52805,0
COLMÉIA,1,2,27,S,01789,0
COLMÉIA,1,2,27,T,75372,0
COLMÉIA,1,2,28,A,55595,0
COLMÉIA,1,2,28,B,58628,0
COLMÉIA,1,2,28,C,30015,0
COLMÉIA,1,2,28,D,59042,0
COLMÉIA,1,2,28,E,82544,0
COLMÉIA,1,2,28,F,58441,0
COLMÉIA,1,2,28,G,49901,0
COLMÉIA,1,2,28,H,86130,0
COLMÉIA,1,2,28,I,52794,0
COLMÉIA,1,2,28,J,04431,0
COLMÉIA,1,2,28,K,56923,0
COLMÉIA,1,2,28,L,59044,0
COLMÉIA,1,2,28,M,55239,0
COLMÉIA,1,2,28,N,49904,0
COLMÉIA,1,2,28,O,52618,0
COLMÉIA,1,2,28,P,57445,0
COLMÉIA,1,2,28,Q,84964,0
COLMÉIA,1,2,28,R,52619,0
COLMÉIA,1,2,28,S,75316,0
COLMÉIA,1,2,28,T,58626,0
COLMÉIA,1,2,29,A,55587,0
COLMÉIA,1,2,29,B,54755,0
COLMÉIA,1,2,29,C,30018,0
COLMÉIA,1,2,29,D,50704,0
COLMÉIA,1,2,29,E,85850,0
COLMÉIA,1,2,29,F,59049,0
COLMÉIA,1,2,29,G,81624,0
COLMÉIA,1,2,29,H,53758,0
COLMÉIA,1,2,29,I,44817,0
COLMÉIA,1,2,29,J,30181,0
COLMÉIA,1,2,29,K,82464,0
COLMÉIA,1,2,29,L,89234,0
COLMÉIA,1,2,29,M,85856,0
COLMÉIA,1,2,29,N,30017,0
COLMÉIA,1,2,29,O,53406,0
COLMÉIA,1,2,29,P,53386,0
COLMÉIA,1,2,29,Q,86353,0
COLMÉIA,1,2,29,R,56984,0
COLMÉIA,1,2,29,S,59043,0
COLMÉIA,1,2,29,T,04438,0
COLMÉIA,1,2,30,A,82065,0
COLMÉIA,1,2,30,B,56877,0
COLMÉIA,1,2,30,C,56872,0
COLMÉIA,1,2,30,D,30010,0
COLMÉIA,1,2,30,E,90108,0
COLMÉIA,1,2,30,F,82536,0
COLMÉIA,1,2,30,G,50706,0
COLMÉIA,1,2,30,H,84485,0
COLMÉIA,1,2,30,I,49909,0
COLMÉIA,1,2,30,J,54444,0
COLMÉIA,1,2,30,K,86129,0
COLMÉIA,1,2,30,L,56875,0
COLMÉIA,1,2,30,M,59689,0
COLMÉIA,1,2,30,N,49916,0
COLMÉIA,1,2,30,O,89980,0
COLMÉIA,1,2,30,P,30008,0
COLMÉIA,1,2,30,Q,56977,0
COLMÉIA,1,2,30,R,78957,0
COLMÉIA,1,2,30,S,77900,0
COLMÉIA,1,2,30,T,78923,0
COLMÉIA,1,2,31,A,50536,0
COLMÉIA,1,2,31,B,77918,0
COLMÉIA,1,2,31,C,58287,0
COLMÉIA,1,2,31,D,58286,0
COLMÉIA,1,2,31,E,75231,0
COLMÉIA,1,2,31,F,75315,0
COLMÉIA,1,2,31,G,47196,0
COLMÉIA,1,2,31,H,50713,0
COLMÉIA,1,2,31,I,75330,0
COLMÉIA,1,2,31,J,75353,0
COLMÉIA,1,2,31,K,50535,0
COLMÉIA,1,2,31,L,56985,0
COLMÉIA,1,2,31,M,55232,0
COLMÉIA,1,2,31,N,59706,0
COLMÉIA,1,2,31,O,84915,0
COLMÉIA,1,2,31,P,77835,0
COLMÉIA,1,2,31,Q,55502,0
COLMÉIA,1,2,31,R,52934,0
COLMÉIA,1,2,31,S,76663,0
COLMÉIA,1,2,31,T,75354,0
COLMÉIA,1,2,32,A,50537,0
COLMÉIA,1,2,32,B,88307,0
COLMÉIA,1,2,32,C,75293,0
COLMÉIA,1,2,32,D,52627,0
COLMÉIA,1,2,32,E,86865,0
COLMÉIA,1,2,32,F,75776,0
COLMÉIA,1,2,32,G,81728,0
COLMÉIA,1,2,32,H,58192,0
COLMÉIA,1,2,32,I,75356,0
COLMÉIA,1,2,32,J,75357,0
COLMÉIA,1,2,32,K,50530,0
COLMÉIA,1,2,32,L,56983,0
COLMÉIA,1,2,32,M,,0
COLMÉIA,1,2,32,N,56022,0
COLMÉIA,1,2,32,O,90105,0
COLMÉIA,1,2,32,P,53287,0
COLMÉIA,1,2,32,Q,92643,0
COLMÉIA,1,2,32,R,79470,0
COLMÉIA,1,2,32,S,79907,0
COLMÉIA,1,2,32,T,81155,0
COLMÉIA,1,2,33,A,87584,0
COLMÉIA,1,2,33,B,52861,0
COLMÉIA,1,2,33,C,79434,0
COLMÉIA,1,2,33,D,56021,0
COLMÉIA,1,2,33,E,57741,0
COLMÉIA,1,2,33,F,50412,0
COLMÉIA,1,2,33,G,47462,0
COLMÉIA,1,2,33,H,55983,0
COLMÉIA,1,2,33,I,93284,0
COLMÉIA,1,2,33,J,79906,0
COLMÉIA,1,2,33,K,50527,0
COLMÉIA,1,2,33,L,52860,0
COLMÉIA,1,2,33,M,85712,0
COLMÉIA,1,2,33,N,55733,0
COLMÉIA,1,2,33,O,04510,0
COLMÉIA,1,2,33,P,87223,0
COLMÉIA,1,2,33,Q,84922,0
COLMÉIA,1,2,33,R,84921,0
COLMÉIA,1,2,33,S,90663,0
COLMÉIA,1,2,33,T,88009,0
COLMÉIA,1,2,34,A,50529,0
COLMÉIA,1,2,34,B,86114,0
COLMÉIA,1,2,34,C,84881,0
COLMÉIA,1,2,34,D,52862,0
COLMÉIA,1,2,34,E,50252,0
COLMÉIA,1,2,34,F,52332,0
COLMÉIA,1,2,34,G,52310,0
COLMÉIA,1,2,34,H,79773,0
COLMÉIA,1,2,34,I,75358,0
COLMÉIA,1,2,34,J,92836,0
COLMÉIA,1,2,34,K,50533,0
COLMÉIA,1,2,34,L,75314,0
COLMÉIA,1,2,34,M,59887,0
COLMÉIA,1,2,34,N,85585,0
COLMÉIA,1,2,34,O,85586,0
COLMÉIA,1,2,34,P,83616,0
COLMÉIA,1,2,34,Q,53279,0
COLMÉIA,1,2,34,R,93283,0
COLMÉIA,1,2,34,S,79452,0
COLMÉIA,1,2,34,T,92838,0
COLMÉIA,1,2,35,A,50532,0
COLMÉIA,1,2,35,B,56913,0
COLMÉIA,1,2,35,C,79451,0
COLMÉIA,1,2,35,D,,0
COLMÉIA,1,2,35,E,75888,0
COLMÉIA,1,2,35,F,75394,0
COLMÉIA,1,2,35,G,81932,0
COLMÉIA,1,2,35,H,52867,0
COLMÉIA,1,2,35,I,,0
COLMÉIA,1,2,35,J,79908,0
COLMÉIA,1,2,35,K,87583,0
COLMÉIA,1,2,35,L,89236,0
COLMÉIA,1,2,35,M,56645,0
COLMÉIA,1,2,35,N,58234,0
COLMÉIA,1,2,35,O,49914,0
COLMÉIA,1,2,35,P,87030,0
COLMÉIA,1,2,35,Q,57850,0
COLMÉIA,1,2,35,R,84877,0
COLMÉIA,1,2,35,S,75355,0
COLMÉIA,1,2,35,T,83432,0
COLMÉIA,1,2,36,A,50525,0
COLMÉIA,1,2,36,B,56907,0
COLMÉIA,1,2,36,C,56957,0
COLMÉIA,1,2,36,D,57595,0
COLMÉIA,1,2,36,E,56910,0
COLMÉIA,1,2,36,F,55235,0
COLMÉIA,1,2,36,G,75890,0
COLMÉIA,1,2,36,H,56637,0
COLMÉIA,1,2,36,I,79776,0
COLMÉIA,1,2,36,J,56767,0
COLMÉIA,1,2,36,K,51022,0
COLMÉIA,1,2,36,L,56047,0
COLMÉIA,1,2,36,M,88741,0
COLMÉIA,1,2,36,N,87745,0
COLMÉIA,1,2,36,O,57444,0
COLMÉIA,1,2,36,P,51176,0
COLMÉIA,1,2,36,Q,75294,0
COLMÉIA,1,2,36,R,53398,0
COLMÉIA,1,2,36,S,51173,0
COLMÉIA,1,2,36,T,75217,0
COLMÉIA,1,2,37,A,84876,0
COLMÉIA,1,2,37,B,56874,0
COLMÉIA,1,2,37,C,55596,0
COLMÉIA,1,2,37,D,80479,0
COLMÉIA,1,2,37,E,56956,0
COLMÉIA,1,2,37,F,56958,0
COLMÉIA,1,2,37,G,56806,0
COLMÉIA,1,2,37,H,75309,0
COLMÉIA,1,2,37,I,50258,0
COLMÉIA,1,2,37,J,57073,0
COLMÉIA,1,2,37,K,56906,0
COLMÉIA,1,2,37,L,56959,0
COLMÉIA,1,2,37,M,01685,0
COLMÉIA,1,2,37,N,79365,0
COLMÉIA,1,2,37,O,93280,0
COLMÉIA,1,2,37,P,81638,0
COLMÉIA,1,2,37,Q,70882,0
COLMÉIA,1,2,37,R,79536,0
COLMÉIA,1,2,37,S,79440,0
COLMÉIA,1,2,37,T,79779,0
COLMÉIA,1,2,38,A,56960,0
COLMÉIA,1,2,38,B,56909,0
COLMÉIA,1,2,38,C,56912,0
COLMÉIA,1,2,38,D,77016,0
COLMÉIA,1,2,38,E,88010,0
COLMÉIA,1,2,38,F,90047,0
COLMÉIA,1,2,38,G,90048,0
COLMÉIA,1,2,38,H,94188,0
COLMÉIA,1,2,38,I,75393,0
COLMÉIA,1,2,38,J,37516,0
COLMÉIA,1,2,38,K,82605,0
COLMÉIA,1,2,38,L,76661,0
COLMÉIA,1,2,38,M,55977,0
COLMÉIA,1,2,38,N,56911,0
COLMÉIA,1,2,38,O,90046,0
COLMÉIA,1,2,38,P,77017,0
COLMÉIA,1,2,38,Q,75889,0
COLMÉIA,1,2,38,R,84895,0
COLMÉIA,1,2,38,S,37515,0
COLMÉIA,1,2,38,T,94189,0
COLMÉIA,1,2,39,A,56961,0
COLMÉIA,1,2,39,B,55237,0
COLMÉIA,1,2,39,C,55230,0
COLMÉIA,1,2,39,D,75383,0
COLMÉIA,1,2,39,E,90115,0
COLMÉIA,1,2,39,F,86134,0
COLMÉIA,1,2,39,G,94330,0
COLMÉIA,1,2,39,H,80444,0
COLMÉIA,1,2,39,I,55236,0
COLMÉIA,1,2,39,J,86131,0
COLMÉIA,1,2,39,K,93309,0
COLMÉIA,1,2,39,L,93902,0
COLMÉIA,1,2,39,M,77917,0
COLMÉIA,1,2,39,N,90116,0
COLMÉIA,1,2,39,O,87520,0
COLMÉIA,1,2,39,P,79439,0
COLMÉIA,1,2,39,Q,90101,0
COLMÉIA,1,2,39,R,93278,0
COLMÉIA,1,2,39,S,89255,0
COLMÉIA,1,2,39,T,92298,0
COLMÉIA,1,2,40,A,92918,0
COLMÉIA,1,2,40,B,87439,0
COLMÉIA,1,2,40,C,79483,0
COLMÉIA,1,2,40,D,90475,0
COLMÉIA,1,2,40,E,87457,0
COLMÉIA,1,2,40,F,87403,0
COLMÉIA,1,2,40,G,52913,0
COLMÉIA,1,2,40,H,82543,0
COLMÉIA,1,2,40,I,90102,0
COLMÉIA,1,2,40,J,90100,0
COLMÉIA,1,2,40,K,52325,0
COLMÉIA,1,2,40,L,52350,0
COLMÉIA,1,2,40,M,92677,0
COLMÉIA,1,2,40,N,95312,0
COLMÉIA,1,2,40,O,89061,0
COLMÉIA,1,2,40,P,53742,0
COLMÉIA,1,2,40,Q,58191,0
COLMÉIA,1,2,40,R,87040,0
COLMÉIA,1,2,40,S,84874,0
COLMÉIA,1,2,40,T,84859,0
COLMÉIA,1,2,41,A,55891,0
COLMÉIA,1,2,41,B,55889,0
COLMÉIA,1,2,41,C,55887,0
COLMÉIA,1,2,41,D,55894,0
COLMÉIA,1,2,41,E,89485,0
COLMÉIA,1,2,41,F,82547,0
COLMÉIA,1,2,41,G,88521,0
COLMÉIA,1,2,41,H,55899,0
COLMÉIA,1,2,41,I,55902,0
COLMÉIA,1,2,41,J,55884,0
COLMÉIA,1,2,41,K,58997,0
COLMÉIA,1,2,41,L,58994,0
COLMÉIA,1,2,41,M,87047,0
COLMÉIA,1,2,41,N,53320,0
COLMÉIA,1,2,41,O,71807,0
COLMÉIA,1,2,41,P,54514,0
COLMÉIA,1,2,41,Q,55874,0
COLMÉIA,1,2,41,R,59002,0
COLMÉIA,1,2,41,S,55841,0
COLMÉIA,1,2,41,T,55838,0
COLMÉIA,1,2,42,A,53311,0
COLMÉIA,1,2,42,B,87434,0
COLMÉIA,1,2,42,C,55592,0
COLMÉIA,1,2,42,D,53299,0
COLMÉIA,1,2,42,E,58998,0
COLMÉIA,1,2,42,F,53294,0
COLMÉIA,1,2,42,G,53322,0
COLMÉIA,1,2,42,H,56808,0
COLMÉIA,1,2,42,I,53321,0
COLMÉIA,1,2,42,J,56873,0
COLMÉIA,1,2,42,K,53305,0
COLMÉIA,1,2,42,L,53296,0
COLMÉIA,1,2,42,M,59388,0
COLMÉIA,1,2,42,N,58990,0
COLMÉIA,1,2,42,O,53298,0
COLMÉIA,1,2,42,P,85852,0
COLMÉIA,1,2,42,Q,75312,0
COLMÉIA,1,2,42,R,56869,0
COLMÉIA,1,2,42,S,55893,0
COLMÉIA,1,2,42,T,55888,0
COLMÉIA,1,2,43,A,53300,0
COLMÉIA,1,2,43,B,53290,0
COLMÉIA,1,2,43,C,53309,0
COLMÉIA,1,2,43,D,53292,0
COLMÉIA,1,2,43,E,54613,0
COLMÉIA,1,2,43,F,54612,0
COLMÉIA,1,2,43,G,82542,0
COLMÉIA,1,2,43,H,59383,0
COLMÉIA,1,2,43,I,54515,0
COLMÉIA,1,2,43,J,54513,0
COLMÉIA,1,2,43,K,58982,0
COLMÉIA,1,2,43,L,88666,0
COLMÉIA,1,2,43,M,56052,0
COLMÉIA,1,2,43,N,88597,0
COLMÉIA,1,2,43,O,88669,0
COLMÉIA,1,2,43,P,83735,0
COLMÉIA,1,2,43,Q,54614,0
COLMÉIA,1,2,43,R,56807,0
COLMÉIA,1,2,43,S,01806,0
COLMÉIA,1,2,43,T,,0
COLMÉIA,1,2,44,A,53310,0
COLMÉIA,1,2,44,B,51279,0
COLMÉIA,1,2,44,C,57742,0
COLMÉIA,1,2,44,D,56855,0
COLMÉIA,1,2,44,E,89459,0
COLMÉIA,1,2,44,F,57810,0
COLMÉIA,1,2,44,G,53304,0
COLMÉIA,1,2,44,H,53291,0
COLMÉIA,1,2,44,I,53293,0
COLMÉIA,1,2,44,J,88662,0
COLMÉIA,1,2,44,K,58981,0
COLMÉIA,1,2,44,L,87041,0
COLMÉIA,1,2,44,M,55446,0
COLMÉIA,1,2,44,N,75310,0
COLMÉIA,1,2,44,O,49403,0
COLMÉIA,1,2,44,P,53307,0
COLMÉIA,1,2,44,Q,75273,0
COLMÉIA,1,2,44,R,,0
COLMÉIA,1,2,44,S,,0
COLMÉIA,1,2,44,T,81558,0
COLMÉIA,1,2,45,A,04480,0
COLMÉIA,1,2,45,B,57781,0
COLMÉIA,1,2,45,C,53297,0
COLMÉIA,1,2,45,D,57806,0
COLMÉIA,1,2,45,E,53306,0
COLMÉIA,1,2,45,F,88663,0
COLMÉIA,1,2,45,G,75325,0
COLMÉIA,1,2,45,H,88016,0
COLMÉIA,1,2,45,I,59034,0
COLMÉIA,1,2,45,J,56979,0
COLMÉIA,1,2,45,K,88129,0
COLMÉIA,1,2,45,L,75286,0
COLMÉIA,1,2,45,M,59000,0
COLMÉIA,1,2,45,N,50572,0
COLMÉIA,1,2,45,O,58992,0
COLMÉIA,1,2,45,P,96743,0
COLMÉIA,1,2,45,Q,59003,0
COLMÉIA,1,2,45,R,45553,0
COLMÉIA,1,2,45,S,75365,0
COLMÉIA,1,2,45,T,75285,0
COLMÉIA,1,2,46,A,88665,0
COLMÉIA,1,2,46,B,83768,0
COLMÉIA,1,2,46,C,57811,0
COLMÉIA,1,2,46,D,55736,0
COLMÉIA,1,2,46,E,55735,0
COLMÉIA,1,2,46,F,81557,0
COLMÉIA,1,2,46,G,75303,0
COLMÉIA,1,2,46,H,75319,0
COLMÉIA,1,2,46,I,53308,0
COLMÉIA,1,2,46,J,75302,0
COLMÉIA,1,2,46,K,58986,0
COLMÉIA,1,2,46,L,89469,0
COLMÉIA,1,2,46,M,88620,0
COLMÉIA,1,2,46,N,58288,0
COLMÉIA,1,2,46,O,88610,0
COLMÉIA,1,2,46,P,87042,0
COLMÉIA,1,2,46,Q,53312,0
COLMÉIA,1,2,46,R,90140,0
COLMÉIA,1,2,46,S,75379,0
COLMÉIA,1,2,46,T,75275,0
COLMÉIA,1,2,47,A,81642,0
COLMÉIA,1,2,47,B,56946,0
COLMÉIA,1,2,47,C,55229,0
COLMÉIA,1,2,47,D,75308,0
COLMÉIA,1,2,47,E,55734,0
COLMÉIA,1,2,47,F,58190,0
COLMÉIA,1,2,47,G,81550,0
COLMÉIA,1,2,47,H,,0
COLMÉIA,1,2,47,I,83427,0
COLMÉIA,1,2,47,J,75295,0
COLMÉIA,1,2,47,K,58991,0
COLMÉIA,1,2,47,L,81646,0
COLMÉIA,1,2,47,M,56862,0
COLMÉIA,1,2,47,N,81130,0
COLMÉIA,1,2,47,O,56724,0
COLMÉIA,1,2,47,P,75298,0
COLMÉIA,1,2,47,Q,77819,0
COLMÉIA,1,2,47,R,88591,0
COLMÉIA,1,2,47,S,75280,0
COLMÉIA,1,2,47,T,83433,0
COLMÉIA,1,2,48,A,56729,0
COLMÉIA,1,2,48,B,56727,0
COLMÉIA,1,2,48,C,56728,0
COLMÉIA,1,2,48,D,56725,0
COLMÉIA,1,2,48,E,58289,0
COLMÉIA,1,2,48,F,57828,0
COLMÉIA,1,2,48,G,,0
COLMÉIA,1,2,48,H,,0
COLMÉIA,1,2,48,I,57821,0
COLMÉIA,1,2,48,J,,0
COLMÉIA,1,2,48,K,,0
COLMÉIA,1,2,48,L,56726,0
COLMÉIA,1,2,48,M,75269,0
COLMÉIA,1,2,48,N,56947,0
COLMÉIA,1,2,48,O,57826,0
COLMÉIA,1,2,48,P,53301,0
COLMÉIA,1,2,48,Q,57825,0
COLMÉIA,1,2,48,R,,0
COLMÉIA,1,2,48,S,56720,0
COLMÉIA,1,2,48,T,57820,0
COLMÉIA,1,2,49,A,56866,0
COLMÉIA,1,2,49,B,54525,0
COLMÉIA,1,2,49,C,56721,0
COLMÉIA,1,2,49,D,56846,0
COLMÉIA,1,2,49,E,56853,0
COLMÉIA,1,2,49,F,56905,0
COLMÉIA,1,2,49,G,56722,0
COLMÉIA,1,2,49,H,88664,0
COLMÉIA,1,2,49,I,56942,0
COLMÉIA,1,2,49,J,77816,0
COLMÉIA,1,2,49,K,,0
COLMÉIA,1,2,49,L,56948,0
COLMÉIA,1,2,49,M,56858,0
COLMÉIA,1,2,49,N,75221,0
COLMÉIA,1,2,49,O,88600,0
COLMÉIA,1,2,49,P,81554,0
COLMÉIA,1,2,49,Q,86603,0
COLMÉIA,1,2,49,R,77826,0
COLMÉIA,1,2,49,S,56941,0
COLMÉIA,1,2,49,T,75281,0
COLMÉIA,1,2,50,A,56849,0
COLMÉIA,1,2,50,B,56847,0
COLMÉIA,1,2,50,C,58996,0
COLMÉIA,1,2,50,D,56848,0
COLMÉIA,1,2,50,E,56962,0
COLMÉIA,1,2,50,F,56854,0
COLMÉIA,1,2,50,G,56850,0
COLMÉIA,1,2,50,H,,0
COLMÉIA,1,2,50,I,51189,0
COLMÉIA,1,2,50,J,56943,0
COLMÉIA,1,2,50,K,,0
COLMÉIA,1,2,50,L,75277,0
COLMÉIA,1,2,50,M,56859,0
COLMÉIA,1,2,50,N,53186,0
COLMÉIA,1,2,50,O,57753,0
COLMÉIA,1,2,50,P,49924,0
COLMÉIA,1,2,50,Q,,0
COLMÉIA,1,2,50,R,75376,0
COLMÉIA,1,2,50,S,57616,0
COLMÉIA,1,2,50,T,,0
COLMÉIA,1,2,51,A,75369,0
COLMÉIA,1,2,51,B,75371,0
COLMÉIA,1,2,51,C,75373,0
COLMÉIA,1,2,51,D,57822,0
COLMÉIA,1,2,51,E,75377,0
COLMÉIA,1,2,51,F,56723,0
COLMÉIA,1,2,51,G,56978,0
COLMÉIA,1,2,51,H,75296,0
COLMÉIA,1,2,51,I,,0
COLMÉIA,1,2,51,J,50049,0
COLMÉIA,1,2,51,K,,0
COLMÉIA,1,2,51,L,58983,0
COLMÉIA,1,2,51,M,56860,0
COLMÉIA,1,2,51,N,56945,0
COLMÉIA,1,2,51,O,56944,0
COLMÉIA,1,2,51,P,88602,0
COLMÉIA,1,2,51,Q,56852,0
COLMÉIA,1,2,51,R,51186,0
COLMÉIA,1,2,51,S,51187,0
COLMÉIA,1,2,51,T,77898,0
COLMÉIA,1,2,52,A,75368,0
COLMÉIA,1,2,52,B,75363,0
COLMÉIA,1,2,52,C,79499,0
COLMÉIA,1,2,52,D,75288,0
COLMÉIA,1,2,52,E,56974,0
COLMÉIA,1,2,52,F,77552,0
COLMÉIA,1,2,52,G,75378,0
COLMÉIA,1,2,52,H,75370,0
COLMÉIA,1,2,52,I,82612,0
COLMÉIA,1,2,52,J,75289,0
COLMÉIA,1,2,52,K,75361,0
COLMÉIA,1,2,52,L,84946,0
COLMÉIA,1,2,52,M,75366,0
COLMÉIA,1,2,52,N,82450,0
COLMÉIA,1,2,52,O,,0
COLMÉIA,1,2,52,P,56732,0
COLMÉIA,1,2,52,Q,56851,0
COLMÉIA,1,2,52,R,75299,0
COLMÉIA,1,2,52,S,56733,0
COLMÉIA,1,2,52,T,55240,0
COLMÉIA,1,2,53,A,55968,0
COLMÉIA,1,2,53,B,59125,0
COLMÉIA,1,2,53,C,56025,0
COLMÉIA,1,2,53,D,95024,0
COLMÉIA,1,2,53,E,56844,0
COLMÉIA,1,2,53,F,01786,0
COLMÉIA,1,2,53,G,79459,0
COLMÉIA,1,2,53,H,86154,0
COLMÉIA,1,2,53,I,56737,0
COLMÉIA,1,2,53,J,82429,0
COLMÉIA,1,2,53,K,82415,0
COLMÉIA,1,2,53,L,82417,0
COLMÉIA,1,2,53,M,51473,0
COLMÉIA,1,2,53,N,84880,0
COLMÉIA,1,2,53,O,77551,0
COLMÉIA,1,2,53,P,77553,0
COLMÉIA,1,2,53,Q,77555,0
COLMÉIA,1,2,53,R,59681,0
COLMÉIA,1,2,53,S,89789,0
COLMÉIA,1,2,53,T,77561,0
COLMÉIA,1,2,54,A,77563,0
COLMÉIA,1,2,54,B,82433,0
COLMÉIA,1,2,54,C,51348,0
COLMÉIA,1,2,54,D,79500,0
COLMÉIA,1,2,54,E,46555,0
COLMÉIA,1,2,54,F,57206,0
COLMÉIA,1,2,54,G,57606,0
COLMÉIA,1,2,54,H,57211,0
COLMÉIA,1,2,54,I,,0
COLMÉIA,1,2,54,J,77340,0
COLMÉIA,1,2,54,K,79495,0
COLMÉIA,1,2,54,L,79497,0
COLMÉIA,1,2,54,M,79498,0
COLMÉIA,1,2,54,N,94631,0
COLMÉIA,1,2,54,O,56926,0
COLMÉIA,1,2,54,P,59580,0
COLMÉIA,1,2,54,Q,57074,0
COLMÉIA,1,2,54,R,56924,0
COLMÉIA,1,2,54,S,84739,0
COLMÉIA,1,2,54,T,52864,0
COLMÉIA,1,2,55,A,77342,0
COLMÉIA,1,2,55,B,55670,0
COLMÉIA,1,2,55,C,87268,0
COLMÉIA,1,2,55,D,,0
COLMÉIA,1,2,55,E,56930,0
COLMÉIA,1,2,55,F,56928,0
COLMÉIA,1,2,55,G,56899,0
COLMÉIA,1,2,55,H,56881,0
COLMÉIA,1,2,55,I,86866,0
COLMÉIA,1,2,55,J,56925,0
COLMÉIA,1,2,55,K,77550,0
COLMÉIA,1,2,55,L,56670,0
COLMÉIA,1,2,55,M,56891,0
COLMÉIA,1,2,55,N,56897,0
COLMÉIA,1,2,55,O,56900,0
COLMÉIA,1,2,55,P,51349,0
COLMÉIA,1,2,55,Q,56927,0
COLMÉIA,1,2,55,R,56931,0
COLMÉIA,1,2,55,S,56929,0
COLMÉIA,1,2,55,T,77834,0
COLMÉIA,1,2,56,A,56895,0
COLMÉIA,1,2,56,B,56896,0
COLMÉIA,1,2,56,C,56887,0
COLMÉIA,1,2,56,D,55426,0
COLMÉIA,1,2,56,E,56447,0
COLMÉIA,1,2,56,F,59697,0
COLMÉIA,1,2,56,G,56903,0
COLMÉIA,1,2,56,H,56884,0
COLMÉIA,1,2,56,I,56883,0
COLMÉIA,1,2,56,J,57607,0
COLMÉIA,1,2,56,K,86555,0
COLMÉIA,1,2,56,L,,0
COLMÉIA,1,2,56,M,56898,0
COLMÉIA,1,2,56,N,56882,0
COLMÉIA,1,2,56,O,56894,0
COLMÉIA,1,2,56,P,56885,0
COLMÉIA,1,2,56,Q,79364,0
COLMÉIA,1,2,56,R,75271,0
COLMÉIA,1,2,56,S,57608,0
COLMÉIA,1,2,56,T,,0
COLMÉIA,1,2,57,A,55985,0
COLMÉIA,1,2,57,B,56921,0
COLMÉIA,1,2,57,C,56892,0
COLMÉIA,1,2,57,D,56880,0
COLMÉIA,1,2,57,E,55880,0
COLMÉIA,1,2,57,F,49905,0
COLMÉIA,1,2,57,G,55881,0
COLMÉIA,1,2,57,H,56901,0
COLMÉIA,1,2,57,I,,0
COLMÉIA,1,2,57,J,56878,0
COLMÉIA,1,2,57,K,56879,0
COLMÉIA,1,2,57,L,56904,0
COLMÉIA,1,2,57,M,86538,0
COLMÉIA,1,2,57,N,57072,0
COLMÉIA,1,2,57,O,77903,0
COLMÉIA,1,2,57,P,56890,0
COLMÉIA,1,2,57,Q,84752,0
COLMÉIA,1,2,57,R,49906,0
COLMÉIA,1,2,57,S,56902,0
COLMÉIA,1,2,57,T,,0
COLMÉIA,1,2,58,A,84808,0
COLMÉIA,1,2,58,B,52214,0
COLMÉIA,1,2,58,C,58182,0
COLMÉIA,1,2,58,D,57208,0
COLMÉIA,1,2,58,E,58179,0
COLMÉIA,1,2,58,F,55955,0
COLMÉIA,1,2,58,G,55956,0
COLMÉIA,1,2,58,H,,0
COLMÉIA,1,2,58,I,83766,0
COLMÉIA,1,2,58,J,57675,0
COLMÉIA,1,2,58,K,58180,0
COLMÉIA,1,2,58,L,,0
COLMÉIA,1,2,58,M,87480,0
COLMÉIA,1,2,58,N,51892,0
COLMÉIA,1,2,58,O,49899,0
COLMÉIA,1,2,58,P,56888,0
COLMÉIA,1,2,58,Q,56889,0
COLMÉIA,1,2,58,R,77899,0
COLMÉIA,1,2,58,S,94673,0
COLMÉIA,1,2,58,T,58189,0
COLMÉIA,1,2,59,A,83894,0
COLMÉIA,1,2,59,B,,0
COLMÉIA,1,2,59,C,59355,0
COLMÉIA,1,2,59,D,58186,0
COLMÉIA,1,2,59,E,59024,0
COLMÉIA,1,2,59,F,57360,0
COLMÉIA,1,2,59,G,,0
COLMÉIA,1,2,59,H,56893,0
COLMÉIA,1,2,59,I,81556,0
COLMÉIA,1,2,59,J,87252,0
COLMÉIA,1,2,59,K,50052,0
COLMÉIA,1,2,59,L,52832,0
COLMÉIA,1,2,59,M,56464,0
COLMÉIA,1,2,59,N,59413,0
COLMÉIA,1,2,59,O,75300,0
COLMÉIA,1,2,59,P,59356,0
COLMÉIA,1,2,59,Q,56870,0
COLMÉIA,1,2,59,R,59357,0
COLMÉIA,1,2,59,S,59386,0
COLMÉIA,1,2,59,T,81559,0
COLMÉIA,1,2,60,A,59354,0
COLMÉIA,1,2,60,B,04520,0
COLMÉIA,1,2,60,C,51888,0
COLMÉIA,1,2,60,D,59411,0
COLMÉIA,1,2,60,E,59410,0
COLMÉIA,1,2,60,F,57219,0
COLMÉIA,1,2,60,G,75276,0
COLMÉIA,1,2,60,H,45593,0
COLMÉIA,1,2,60,I,58299,0
COLMÉIA,1,2,60,J,84753,0
COLMÉIA,1,2,60,K,77129,0
COLMÉIA,1,2,60,L,59412,0
COLMÉIA,1,2,60,M,59417,0
COLMÉIA,1,2,60,N,94867,0
COLMÉIA,1,2,60,O,49562,0
COLMÉIA,1,2,60,P,59382,0
COLMÉIA,1,2,60,Q,59409,0
COLMÉIA,1,2,60,R,59393,0
COLMÉIA,1,2,60,S,59399,0
COLMÉIA,1,2,60,T,55408,0
COLMÉIA,1,2,61,A,59385,0
COLMÉIA,1,2,61,B,59398,0
COLMÉIA,1,2,61,C,59400,0
COLMÉIA,1,2,61,D,59401,0
COLMÉIA,1,2,61,E,59392,0
COLMÉIA,1,2,61,F,59394,0
COLMÉIA,1,2,61,G,59402,0
COLMÉIA,1,2,61,H,56868,0
COLMÉIA,1,2,61,I,86673,0
COLMÉIA,1,2,61,J,59130,0
COLMÉIA,1,2,61,K,86296,0
COLMÉIA,1,2,61,L,55143,0
COLMÉIA,1,2,61,M,86333,0
COLMÉIA,1,2,61,N,59037,0
COLMÉIA,1,2,61,O,59387,0
COLMÉIA,1,2,61,P,77133,0
COLMÉIA,1,2,61,Q,59029,0
COLMÉIA,1,2,61,R,57207,0
COLMÉIA,1,2,61,S,82099,0
COLMÉIA,1,2,61,T,47803,0
COLMÉIA,1,2,62,A,83550,0
COLMÉIA,1,2,62,B,,0
COLMÉIA,1,2,62,C,51467,0
COLMÉIA,1,2,62,D,77149,0
COLMÉIA,1,2,62,E,86374,0
COLMÉIA,1,2,62,F,96724,0
COLMÉIA,1,2,62,G,55993,0
COLMÉIA,1,2,62,H,52033,0
COLMÉIA,1,2,62,I,04473,0
COLMÉIA,1,2,62,J,53459,0
COLMÉIA,1,2,62,K,57759,0
COLMÉIA,1,2,62,L,89780,0
COLMÉIA,1,2,62,M,04522,0
COLMÉIA,1,2,62,N,56694,0
COLMÉIA,1,2,62,O,53036,0
COLMÉIA,1,2,62,P,79489,0
COLMÉIA,1,2,62,Q,84754,0
COLMÉIA,1,2,62,R,50207,0
COLMÉIA,1,2,62,S,77131,0
COLMÉIA,1,2,62,T,52482,0
COLMÉIA,1,2,63,A,84241,0
COLMÉIA,1,2,63,B,54121,0
COLMÉIA,1,2,63,C,52654,0
COLMÉIA,1,2,63,D,90308,0
COLMÉIA,1,2,63,E,87600,0
COLMÉIA,1,2,63,F,48771,0
COLMÉIA,1,2,63,G,47729,0
COLMÉIA,1,2,63,H,56055,0
COLMÉIA,1,2,63,I,59174,0
COLMÉIA,1,2,63,J,86332,0
COLMÉIA,1,2,63,K,83457,0
COLMÉIA,1,2,63,L,88910,0
COLMÉIA,1,2,63,M,57210,0
COLMÉIA,1,2,63,N,47321,0
COLMÉIA,1,2,63,O,51235,0
COLMÉIA,1,2,63,P,74236,0
COLMÉIA,1,2,63,Q,59877,0
COLMÉIA,1,2,63,R,57755,0
COLMÉIA,1,2,63,S,49813,0
COLMÉIA,1,2,63,T,86272,0
COLMÉIA,1,2,64,A,51526,0
COLMÉIA,1,2,64,B,74186,0
COLMÉIA,1,2,64,C,84125,0
COLMÉIA,1,2,64,D,50410,0
COLMÉIA,1,2,64,E,85121,0
COLMÉIA,1,2,64,F,59766,0
COLMÉIA,1,2,64,G,47611,0
COLMÉIA,1,2,64,H,58205,0
COLMÉIA,1,2,64,I,47619,0
COLMÉIA,1,2,64,J,83965,0
COLMÉIA,1,2,64,K,87765,0
COLMÉIA,1,2,64,L,87780,0
COLMÉIA,1,2,64,M,59018,0
COLMÉIA,1,2,64,N,04443,0
COLMÉIA,1,2,64,O,04481,0
COLMÉIA,1,2,64,P,50016,0
COLMÉIA,1,2,64,Q,87031,0
COLMÉIA,1,2,64,R,49950,0
COLMÉIA,1,2,64,S,85104,0
COLMÉIA,1,2,64,T,55427,0
COLMÉIA,1,2,65,A,,0
COLMÉIA,1,2,65,B,,0
COLMÉIA,1,2,65,C,,0
COLMÉIA,1,2,65,D,,0
COLMÉIA,1,2,65,E,,0
COLMÉIA,1,2,65,F,,0
COLMÉIA,1,2,65,G,,0
COLMÉIA,1,2,65,H,,0
COLMÉIA,1,2,65,I,,0
COLMÉIA,1,2,65,J,,0
COLMÉIA,1,2,65,K,,0
COLMÉIA,1,2,65,L,,0
COLMÉIA,1,2,65,M,,0
COLMÉIA,1,2,65,N,,0
COLMÉIA,1,2,65,O,,0
COLMÉIA,1,2,65,P,,0
COLMÉIA,1,2,65,Q,,0
COLMÉIA,1,2,65,R,,0
COLMÉIA,1,2,65,S,,0
COLMÉIA,1,2,65,T,,0
COLMÉIA,1,2,66,A,,0
COLMÉIA,1,2,66,B,,0
COLMÉIA,1,2,66,C,,0
COLMÉIA,1,2,66,D,,0
COLMÉIA,1,2,66,E,,0
COLMÉIA,1,2,66,F,,0
COLMÉIA,1,2,66,G,,0
COLMÉIA,1,2,66,H,,0
COLMÉIA,1,2,66,I,,0
COLMÉIA,1,2,66,J,,0
COLMÉIA,1,2,66,K,,0
COLMÉIA,1,2,66,L,,0
COLMÉIA,1,2,66,M,,0
COLMÉIA,1,2,66,N,,0
COLMÉIA,1,2,66,O,,0
COLMÉIA,1,2,66,P,,0
COLMÉIA,1,2,66,Q,,0
COLMÉIA,1,2,66,R,,0
COLMÉIA,1,2,66,S,,0
COLMÉIA,1,2,66,T,,0
COLMÉIA,1,2,67,A,,0
COLMÉIA,1,2,67,B,,0
COLMÉIA,1,2,67,C,,0
COLMÉIA,1,2,67,D,,0
COLMÉIA,1,2,67,E,,0
COLMÉIA,1,2,67,F,,0
COLMÉIA,1,2,67,G,,0
COLMÉIA,1,2,67,H,,0
COLMÉIA,1,2,67,I,,0
COLMÉIA,1,2,67,J,,0
COLMÉIA,1,2,67,K,,0
COLMÉIA,1,2,67,L,,0
COLMÉIA,1,2,67,M,,0
COLMÉIA,1,2,67,N,,0
COLMÉIA,1,2,67,O,,0
COLMÉIA,1,2,67,P,,0
COLMÉIA,1,2,67,Q,,0
COLMÉIA,1,2,67,R,,0
COLMÉIA,1,2,67,S,,0
COLMÉIA,1,2,67,T,,0
COLMÉIA,1,2,68,A,,0
COLMÉIA,1,2,68,B,,0
COLMÉIA,1,2,68,C,,0
COLMÉIA,1,2,68,D,,0
COLMÉIA,1,2,68,E,,0
COLMÉIA,1,2,68,F,,0
COLMÉIA,1,2,68,G,,0
COLMÉIA,1,2,68,H,,0
COLMÉIA,1,2,68,I,,0
COLMÉIA,1,2,68,J,,0
COLMÉIA,1,2,68,K,,0
COLMÉIA,1,2,68,L,,0
COLMÉIA,1,2,68,M,,0
COLMÉIA,1,2,68,N,,0
COLMÉIA,1,2,68,O,,0
COLMÉIA,1,2,68,P,,0
COLMÉIA,1,2,68,Q,,0
COLMÉIA,1,2,68,R,,0
COLMÉIA,1,2,68,S,,0
COLMÉIA,1,2,68,T,,0
COLMÉIA,1,2,69,A,,0
COLMÉIA,1,2,69,B,,0
COLMÉIA,1,2,69,C,,0
COLMÉIA,1,2,69,D,,0
COLMÉIA,1,2,69,E,,0
COLMÉIA,1,2,69,F,,0
COLMÉIA,1,2,69,G,,0
COLMÉIA,1,2,69,H,,0
COLMÉIA,1,2,69,I,,0
COLMÉIA,1,2,69,J,,0
COLMÉIA,1,2,69,K,,0
COLMÉIA,1,2,69,L,,0
COLMÉIA,1,2,69,M,,0
COLMÉIA,1,2,69,N,,0
COLMÉIA,1,2,69,O,,0
COLMÉIA,1,2,69,P,,0
COLMÉIA,1,2,69,Q,,0
COLMÉIA,1,2,69,R,,0
COLMÉIA,1,2,69,S,,0
COLMÉIA,1,2,69,T,,0
COLMÉIA,1,2,70,A,,0
COLMÉIA,1,2,70,B,,0
COLMÉIA,1,2,70,C,,0
COLMÉIA,1,2,70,D,,0
COLMÉIA,1,2,70,E,,0
COLMÉIA,1,2,70,F,,0
COLMÉIA,1,2,70,G,,0
COLMÉIA,1,2,70,H,,0
COLMÉIA,1,2,70,I,,0
COLMÉIA,1,2,70,J,,0
COLMÉIA,1,2,70,K,,0
COLMÉIA,1,2,70,L,,0
COLMÉIA,1,2,70,M,,0
COLMÉIA,1,2,70,N,,0
COLMÉIA,1,2,70,O,,0
COLMÉIA,1,2,70,P,,0
COLMÉIA,1,2,70,Q,,0
COLMÉIA,1,2,70,R,,0
COLMÉIA,1,2,70,S,,0
COLMÉIA,1,2,70,T,,0
RUA 1,2,1,1,A,83060,0
RUA 1,2,1,1,B,59466,0
RUA 1,2,1,1,C,86990,0
RUA 1,2,1,1,D,49958,0
RUA 1,2,1,1,E,,0
RUA 1,2,1,2,A,50022,0
RUA 1,2,1,2,B,47339,0
RUA 1,2,1,2,C,53415,0
RUA 1,2,1,2,D,,0
RUA 1,2,1,2,E,,0
RUA 1,2,1,3,A,51448,0
RUA 1,2,1,3,B,76700,0
RUA 1,2,1,3,C,88895,0
RUA 1,2,1,3,D,,0
RUA 1,2,1,3,E,,0
RUA 1,2,1,4,A,25458,0
RUA 1,2,1,4,B,89331,0
RUA 1,2,1,4,C,59516,0
RUA 1,2,1,4,D,,0
RUA 1,2,1,4,E,,0
RUA 1,2,1,5,A,52044,0
RUA 1,2,1,5,B,48060,0
RUA 1,2,1,5,C,88082,0
RUA 1,2,1,5,D,,0
RUA 1,2,1,5,E,,0
RUA 1,2,1,6,A,48315,0
RUA 1,2,1,6,B,77524,0
RUA 1,2,1,6,C,59517,0
RUA 1,2,1,6,D,,0
RUA 1,2,1,6,E,,0
RUA 1,3,1,1,A,84974,0
RUA 1,3,1,1,B,48310,0
RUA 1,3,1,1,C,51225,0
RUA 1,3,1,1,D,,0
RUA 1,3,1,1,E,,0
RUA 1,3,1,2,A,48313,0
RUA 1,3,1,2,B,86116,0
RUA 1,3,1,2,C,72050,0
RUA 1,3,1,2,D,,0
RUA 1,3,1,2,E,,0
RUA 1,3,1,3,A,52493,0
RUA 1,3,1,3,B,88395,0
RUA 1,3,1,3,C,48150,0
RUA 1,3,1,3,D,75033,0
RUA 1,3,1,3,E,,0
RUA 1,3,1,4,A,,0
RUA 1,3,1,4,B,50881,0
RUA 1,3,1,4,C,51226,0
RUA 1,3,1,4,D,48723,0
RUA 1,3,1,4,E,,0
RUA 1,3,1,5,A,,0
RUA 1,3,1,5,B,51147,0
RUA 1,3,1,5,C,76621,0
RUA 1,3,1,5,D,,0
RUA 1,3,1,5,E,,0
RUA 1,3,1,6,A,88364,0
RUA 1,3,1,6,B,51130,0
RUA 1,3,1,6,C,47908,0
RUA 1,3,1,6,D,,0
RUA 1,3,1,6,E,,0
RUA 1,4,1,1,A,56404,0
RUA 1,4,1,1,B,48646,0
RUA 1,4,1,1,C,53835,0
RUA 1,4,1,1,D,,0
RUA 1,4,1,1,E,,0
RUA 1,4,1,2,A,48685,0
RUA 1,4,1,2,B,83061,0
RUA 1,4,1,2,C,59147,0
RUA 1,4,1,2,D,,0
RUA 1,4,1,2,E,,0
RUA 1,4,1,3,A,84487,0
RUA 1,4,1,3,B,84230,0
RUA 1,4,1,3,C,87920,0
RUA 1,4,1,3,D,84488,0
RUA 1,4,1,3,E,,0
RUA 1,4,1,4,A,58315,0
RUA 1,4,1,4,B,,0
RUA 1,4,1,4,C,54896,0
RUA 1,4,1,4,D,,0
RUA 1,4,1,4,E,,0
RUA 1,4,1,5,A,48625,0
RUA 1,4,1,5,B,56689,0
RUA 1,4,1,5,C,84182,0
RUA 1,4,1,5,D,,0
RUA 1,4,1,5,E,,0
RUA 1,4,1,6,A,74740,0
RUA 1,4,1,6,B,59555,0
RUA 1,4,1,6,C,94539,0
RUA 1,4,1,6,D,,0
RUA 1,4,1,6,E,,0
RUA 1,5,1,1,A,89840,0
RUA 1,5,1,1,B,57652,0
RUA 1,5,1,1,C,86010,0
RUA 1,5,1,1,D,86009,0
RUA 1,5,1,1,E,54474,0
RUA 1,5,1,1,F,59629,0
RUA 1,5,1,2,A,46751,0
RUA 1,5,1,2,B,58254,0
RUA 1,5,1,2,C,86011,0
RUA 1,5,1,2,D,89047,0
RUA 1,5,1,2,E,86027,0
RUA 1,5,1,2,F,03505;3505,0
RUA 1,5,1,3,A,58252,0
RUA 1,5,1,3,B,59626,0
RUA 1,5,1,3,C,86007,0
RUA 1,5,1,3,D,94682,0
RUA 1,5,1,3,E,89048,0
RUA 1,5,1,3,F,86908,0
RUA 1,5,1,4,A,59614,0
RUA 1,5,1,4,B,02501,0
RUA 1,5,1,4,C,48558,0
RUA 1,5,1,4,D,,0
RUA 1,5,1,4,E,,0
RUA 1,5,1,4,F,,0
RUA 1,5,1,5,A,86008,0
RUA 1,5,1,5,B,,0
RUA 1,5,1,5,C,,0
RUA 1,5,1,5,D,,0
RUA 1,5,1,5,E,,0
RUA 1,5,1,5,F,,0
RUA 1,5,1,6,A,89843,0
RUA 1,5,1,6,B,90452,0
RUA 1,5,1,6,C,56657,0
RUA 1,5,1,6,D,92429,0
RUA 1,5,1,6,E,57634,0
RUA 1,5,1,6,F,46607,0
RUA 1,6,1,1,A,51802,0
RUA 1,6,1,1,B,52021,0
RUA 1,6,1,1,C,52019,0
RUA 1,6,1,1,D,05009;5009,0
RUA 1,6,1,1,E,51784,0
RUA 1,6,1,2,A,47779,0
RUA 1,6,1,2,B,51806,0
RUA 1,6,1,2,C,51803,0
RUA 1,6,1,2,D,52853,0
RUA 1,6,1,2,E,48720,0
RUA 1,6,1,3,A,59132,0
RUA 1,6,1,3,B,59845,0
RUA 1,6,1,3,C,51805,0
RUA 1,6,1,3,D,52852,0
RUA 1,6,1,3,E,49013,0
RUA 1,6,1,4,A,52023,0
RUA 1,6,1,4,B,52040,0
RUA 1,6,1,4,C,52024,0
RUA 1,6,1,4,D,05125,0
RUA 1,6,1,4,E,51785,0
RUA 1,6,1,5,A,51808,0
RUA 1,6,1,5,B,52018,0
RUA 1,6,1,5,C,47777,0
RUA 1,6,1,5,D,52856,0
RUA 1,6,1,5,E,51786,0
RUA 1,6,1,6,A,51801,0
RUA 1,6,1,6,B,52025,0
RUA 1,6,1,6,C,52022,0
RUA 1,6,1,6,D,52857,0
RUA 1,6,1,6,E,51775,0
RUA 1,7,1,1,A,77990,0
RUA 1,7,1,1,B,48375,0
RUA 1,7,1,1,C,80849,0
RUA 1,7,1,1,D,87918,0
RUA 1,7,1,1,E,,0
RUA 1,7,1,2,A,48058,0
RUA 1,7,1,2,B,59145,0
RUA 1,7,1,2,C,52589,0
RUA 1,7,1,2,D,,0
RUA 1,7,1,2,E,48514,0
RUA 1,7,1,3,A,77685,0
RUA 1,7,1,3,B,85796,0
RUA 1,7,1,3,C,88201,0
RUA 1,7,1,3,D,57488,0
RUA 1,7,1,3,E,,0
RUA 1,7,1,4,A,81423,0
RUA 1,7,1,4,B,85239,0
RUA 1,7,1,4,C,77689,0
RUA 1,7,1,4,D,86988,0
RUA 1,7,1,4,E,,0
RUA 1,7,1,5,A,57890,0
RUA 1,7,1,5,B,,0
RUA 1,7,1,5,C,94758,0
RUA 1,7,1,5,D,48510,0
RUA 1,7,1,5,E,50017,0
RUA 1,7,1,6,A,48645,0
RUA 1,7,1,6,B,48181,0
RUA 1,7,1,6,C,85797,0
RUA 1,7,1,6,D,90298,0
RUA 1,7,1,6,E,48513,0
RUA 1,8,1,1,A,55223,0
RUA 1,8,1,1,B,51500,0
RUA 1,8,1,1,C,57369,0
RUA 1,8,1,1,D,53921,0
RUA 1,8,1,1,E,70683,0
RUA 1,8,1,2,A,54169,0
RUA 1,8,1,2,B,51436,0
RUA 1,8,1,2,C,52164,0
RUA 1,8,1,2,D,83684,0
RUA 1,8,1,2,E,,0
RUA 1,8,1,3,A,55222,0
RUA 1,8,1,3,B,70669,0
RUA 1,8,1,3,C,52110,0
RUA 1,8,1,3,D,48745,0
RUA 1,8,1,3,E,,0
RUA 1,8,1,4,A,49265,0
RUA 1,8,1,4,B,70668,0
RUA 1,8,1,4,C,52136,0
RUA 1,8,1,4,D,55221,0
RUA 1,8,1,4,E,,0
RUA 1,8,1,5,A,49264,0
RUA 1,8,1,5,B,55245,0
RUA 1,8,1,5,C,52175,0
RUA 1,8,1,5,D,56601,0
RUA 1,8,1,5,E,,0
RUA 1,8,1,6,A,51438,0
RUA 1,8,1,6,B,55243,0
RUA 1,8,1,6,C,52172,0
RUA 1,8,1,6,D,52147,0
RUA 1,8,1,6,E,59170,0
RUA 1,9,1,1,A,83068,0
RUA 1,9,1,1,B,19734,0
RUA 1,9,1,1,C,55363,0
RUA 1,9,1,1,D,53518,0
RUA 1,9,1,1,E,74722,0
RUA 1,9,1,2,A,48734,0
RUA 1,9,1,2,B,47905,0
RUA 1,9,1,2,C,47553,0
RUA 1,9,1,2,D,77988,0
RUA 1,9,1,2,E,,0
RUA 1,9,1,3,A,77517,0
RUA 1,9,1,3,B,48145,0
RUA 1,9,1,3,C,54657,0
RUA 1,9,1,3,D,48146,0
RUA 1,9,1,3,E,,0
RUA 1,9,1,4,A,71877,0
RUA 1,9,1,4,B,48361,0
RUA 1,9,1,4,C,49807,0
RUA 1,9,1,4,D,81331,0
RUA 1,9,1,4,E,,0
RUA 1,9,1,5,A,22249,0
RUA 1,9,1,5,B,22248,0
RUA 1,9,1,5,C,49353,0
RUA 1,9,1,5,D,49680,0
RUA 1,9,1,5,E,,0
RUA 1,9,1,6,A,77989,0
RUA 1,9,1,6,B,48352,0
RUA 1,9,1,6,C,89261,0
RUA 1,9,1,6,D,83971,0
RUA 1,9,1,6,E,,0
RUA 1,10,1,1,A,73613,0
RUA 1,10,1,1,B,52507,0
RUA 1,10,1,1,C,48142,0
RUA 1,10,1,1,D,74096,0
RUA 1,10,1,1,E,,0
RUA 1,10,1,2,A,80971,0
RUA 1,10,1,2,B,58372,0
RUA 1,10,1,2,C,52752,0
RUA 1,10,1,2,D,74055,0
RUA 1,10,1,2,E,,0
RUA 1,10,1,3,A,83756,0
RUA 1,10,1,3,B,49252,0
RUA 1,10,1,3,C,81384,0
RUA 1,10,1,3,D,74103,0
RUA 1,10,1,3,E,,0
RUA 1,10,1,4,A,48139,0
RUA 1,10,1,4,B,48136,0
RUA 1,10,1,4,C,74043,0
RUA 1,10,1,4,D,81108,0
RUA 1,10,1,4,E,84209,0
RUA 1,10,1,5,A,58373,0
RUA 1,10,1,5,B,51213,0
RUA 1,10,1,5,C,81849,0
RUA 1,10,1,5,D,51704,0
RUA 1,10,1,5,E,48141,0
RUA 1,10,1,6,A,74031,0
RUA 1,10,1,6,B,49249,0
RUA 1,10,1,6,C,81756,0
RUA 1,10,1,6,D,48307,0
RUA 1,10,1,6,E,,0
RUA 2,2,1,1,A,76665,0
RUA 2,2,1,1,B,50831;89258,0
RUA 2,2,1,1,C,49244,0
RUA 2,2,1,1,D,50732,0
RUA 2,2,1,1,E,,0
RUA 2,2,1,2,A,88019,0
RUA 2,2,1,2,B,51242,0
RUA 2,2,1,2,C,74444,0
RUA 2,2,1,2,D,50418,0
RUA 2,2,1,2,E,52057,0
RUA 2,2,1,3,A,54658,0
RUA 2,2,1,3,B,50662,0
RUA 2,2,1,3,C,50651,0
RUA 2,2,1,3,D,49766,0
RUA 2,2,1,3,E,47154,0
RUA 2,2,1,4,A,76664,0
RUA 2,2,1,4,B,87773,0
RUA 2,2,1,4,C,47851,0
RUA 2,2,1,4,D,76666,0
RUA 2,2,1,4,E,51131,0
RUA 2,2,1,5,A,49247,0
RUA 2,2,1,5,B,51244,0
RUA 2,2,1,5,C,49245,0
RUA 2,2,1,5,D,52029,0
RUA 2,2,1,5,E,,0
RUA 2,2,1,6,A,51395,0
RUA 2,2,1,6,B,51262,0
RUA 2,2,1,6,C,52898,0
RUA 2,2,1,6,D,84390,0
RUA 2,2,1,6,E,,0
RUA 2,3,1,1,A,56385,0
RUA 2,3,1,1,B,49250,0
RUA 2,3,1,1,C,58733,0
RUA 2,3,1,1,D,59436,0
RUA 2,3,1,1,E,55630,0
RUA 2,3,1,2,A,49154,0
RUA 2,3,1,2,B,87896,0
RUA 2,3,1,2,C,51387,0
RUA 2,3,1,2,D,82690,0
RUA 2,3,1,2,E,77777,0
RUA 2,3,1,3,A,88022,0
RUA 2,3,1,3,B,48296,0
RUA 2,3,1,3,C,85644,0
RUA 2,3,1,3,D,84213,0
RUA 2,3,1,3,E,53194,0
RUA 2,3,1,4,A,58729,0
RUA 2,3,1,4,B,88135,0
RUA 2,3,1,4,C,85645,0
RUA 2,3,1,4,D,48700,0
RUA 2,3,1,4,E,47147,0
RUA 2,3,1,5,A,70112,0
RUA 2,3,1,5,B,58526,0
RUA 2,3,1,5,C,50677,0
RUA 2,3,1,5,D,58919,0
RUA 2,3,1,5,E,47601,0
RUA 2,3,1,6,A,85054,0
RUA 2,3,1,6,B,55357,0
RUA 2,3,1,6,C,58644,0
RUA 2,3,1,6,D,85067,0
RUA 2,3,1,6,E,,0
RUA 2,4,1,1,A,48657,0
RUA 2,4,1,1,B,47597,0
RUA 2,4,1,1,C,86041,0
RUA 2,4,1,1,D,85122,0
RUA 2,4,1,1,E,,0
RUA 2,4,1,2,A,47150,0
RUA 2,4,1,2,B,53934,0
RUA 2,4,1,2,C,53935,0
RUA 2,4,1,2,D,53680,0
RUA 2,4,1,2,E,,0
RUA 2,4,1,3,A,47148,0
RUA 2,4,1,3,B,47843,0
RUA 2,4,1,3,C,51146,0
RUA 2,4,1,3,D,51164,0
RUA 2,4,1,3,E,,0
RUA 2,4,1,4,A,51129,0
RUA 2,4,1,4,B,83065,0
RUA 2,4,1,4,C,51229,0
RUA 2,4,1,4,D,88560,0
RUA 2,4,1,4,E,,0
RUA 2,4,1,5,A,53196,0
RUA 2,4,1,5,B,47149,0
RUA 2,4,1,5,C,53933,0
RUA 2,4,1,5,D,,0
RUA 2,4,1,5,E,,0
RUA 2,4,1,6,A,47151,0
RUA 2,4,1,6,B,51161,0
RUA 2,4,1,6,C,47145,0
RUA 2,4,1,6,D,01302,0
RUA 2,4,1,6,E,,0
RUA 2,5,1,1,A,53929,0
RUA 2,5,1,1,B,47146,0
RUA 2,5,1,1,C,56279,0
RUA 2,5,1,1,D,55652,0
RUA 2,5,1,1,E,,0
RUA 2,5,1,2,A,54154,0
RUA 2,5,1,2,B,85933,0
RUA 2,5,1,2,C,53447,0
RUA 2,5,1,2,D,53431,0
RUA 2,5,1,2,E,,0
RUA 2,5,1,3,A,48653,0
RUA 2,5,1,3,B,77486,0
RUA 2,5,1,3,C,51402,0
RUA 2,5,1,3,D,53074,0
RUA 2,5,1,3,E,,0
RUA 2,5,1,4,A,49242,0
RUA 2,5,1,4,B,47152,0
RUA 2,5,1,4,C,53930,0
RUA 2,5,1,4,D,48761,0
RUA 2,5,1,4,E,,0
RUA 2,5,1,5,A,49362,0
RUA 2,5,1,5,B,83960,0
RUA 2,5,1,5,C,56004,0
RUA 2,5,1,5,D,52885,0
RUA 2,5,1,5,E,,0
RUA 2,5,1,6,A,49022,0
RUA 2,5,1,6,B,48696,0
RUA 2,5,1,6,C,51215,0
RUA 2,5,1,6,D,86032,0
RUA 2,5,1,6,E,,0
RUA 2,6,1,1,A,81054,0
RUA 2,6,1,1,B,85675,0
RUA 2,6,1,1,C,50862,0
RUA 2,6,1,1,D,49016,0
RUA 2,6,1,1,E,,0
RUA 2,6,1,2,A,48790,0
RUA 2,6,1,2,B,85672,0
RUA 2,6,1,2,C,52895,0
RUA 2,6,1,2,D,85679,0
RUA 2,6,1,2,E,54234,0
RUA 2,6,1,3,A,50863,0
RUA 2,6,1,3,B,88913,0
RUA 2,6,1,3,C,89697,0
RUA 2,6,1,3,D,85671,0
RUA 2,6,1,3,E,80889,0
RUA 2,6,1,4,A,51167,0
RUA 2,6,1,4,B,90995,0
RUA 2,6,1,4,C,83212,0
RUA 2,6,1,4,D,87963,0
RUA 2,6,1,4,E,,0
RUA 2,6,1,5,A,77488,0
RUA 2,6,1,5,B,88396,0
RUA 2,6,1,5,C,83211,0
RUA 2,6,1,5,D,86030,0
RUA 2,6,1,5,E,47881;50653,0
RUA 2,6,1,6,A,74414,0
RUA 2,6,1,6,B,85678,0
RUA 2,6,1,6,C,84260,0
RUA 2,6,1,6,D,84255,0
RUA 2,6,1,6,E,,0
RUA 2,7,1,1,A,90370,0
RUA 2,7,1,1,B,84228,0
RUA 2,7,1,1,C,78000,0
RUA 2,7,1,1,D,80888,0
RUA 2,7,1,1,E,,0
RUA 2,7,1,2,A,74893,0
RUA 2,7,1,2,B,85482,0
RUA 2,7,1,2,C,48785,0
RUA 2,7,1,2,D,90376,0
RUA 2,7,1,2,E,,0
RUA 2,7,1,3,A,79417,0
RUA 2,7,1,3,B,79998,0
RUA 2,7,1,3,C,48779,0
RUA 2,7,1,3,D,29046,0
RUA 2,7,1,3,E,,0
RUA 2,7,1,4,A,87982,0
RUA 2,7,1,4,B,52892,0
RUA 2,7,1,4,C,49025,0
RUA 2,7,1,4,D,85483,0
RUA 2,7,1,4,E,,0
RUA 2,7,1,5,A,51581,0
RUA 2,7,1,5,B,83961,0
RUA 2,7,1,5,C,50956,0
RUA 2,7,1,5,D,39235,0
RUA 2,7,1,5,E,73381,0
RUA 2,7,1,6,A,49026,0
RUA 2,7,1,6,B,,0
RUA 2,7,1,6,C,51261,0
RUA 2,7,1,6,D,50125,0
RUA 2,7,1,6,E,51324,0
RUA 2,8,1,1,A,50678,0
RUA 2,8,1,1,B,56001,0
RUA 2,8,1,1,C,85919,0
RUA 2,8,1,1,D,59031,0
RUA 2,8,1,1,E,,0
RUA 2,8,1,2,A,94536,0
RUA 2,8,1,2,B,84705,0
RUA 2,8,1,2,C,59021,0
RUA 2,8,1,2,D,59493,0
RUA 2,8,1,2,E,53669,0
RUA 2,8,1,3,A,81568,0
RUA 2,8,1,3,B,86438,0
RUA 2,8,1,3,C,74965,0
RUA 2,8,1,3,D,59035,0
RUA 2,8,1,3,E,73794,0
RUA 2,8,1,4,A,77272,0
RUA 2,8,1,4,B,95454,1
RUA 2,8,1,4,C,94983,0
RUA 2,8,1,4,D,50212,0
RUA 2,8,1,4,E,50230,0
RUA 2,8,1,5,A,77270,0
RUA 2,8,1,5,B,90366,0
RUA 2,8,1,5,C,56005,0
RUA 2,8,1,5,D,50221,0
RUA 2,8,1,5,E,58968,0
RUA 2,8,1,6,A,82966,0
RUA 2,8,1,6,B,90378,0
RUA 2,8,1,6,C,55975,0
RUA 2,8,1,6,D,84055,0
RUA 2,8,1,6,E,84247,0
RUA 2,9,1,1,A,49039,0
RUA 2,9,1,1,B,73367,0
RUA 2,9,1,1,C,,0
RUA 2,9,1,1,D,89653,0
RUA 2,9,1,1,E,,0
RUA 2,9,1,2,A,90611,0
RUA 2,9,1,2,B,49943,0
RUA 2,9,1,2,C,,0
RUA 2,9,1,2,D,89666,0
RUA 2,9,1,2,E,,0
RUA 2,9,1,3,A,58499,0
RUA 2,9,1,3,B,52122,0
RUA 2,9,1,3,C,48200,0
RUA 2,9,1,3,D,87557,0
RUA 2,9,1,3,E,49945,0
RUA 2,9,1,4,A,58493,0
RUA 2,9,1,4,B,88301,0
RUA 2,9,1,4,C,55930,0
RUA 2,9,1,4,D,87558,0
RUA 2,9,1,4,E,,0
RUA 2,9,1,5,A,59017,0
RUA 2,9,1,5,B,53673,0
RUA 2,9,1,5,C,55212,0
RUA 2,9,1,5,D,89518,0
RUA 2,9,1,5,E,,0
RUA 2,9,1,6,A,88697,0
RUA 2,9,1,6,B,53677,0
RUA 2,9,1,6,C,72052,0
RUA 2,9,1,6,D,87950,0
RUA 2,9,1,6,E,,0
RUA 2,10,1,1,A,57504,0
RUA 2,10,1,1,B,75985,0
RUA 2,10,1,1,C,53794,0
RUA 2,10,1,1,D,87767,0
RUA 2,10,1,1,E,,0
RUA 2,10,1,2,A,88688,0
RUA 2,10,1,2,B,85124,0
RUA 2,10,1,2,C,88027,0
RUA 2,10,1,2,D,,0
RUA 2,10,1,2,E,,0
RUA 2,10,1,3,A,52140,0
RUA 2,10,1,3,B,51239,0
RUA 2,10,1,3,C,90953,0
RUA 2,10,1,3,D,,0
RUA 2,10,1,3,E,,0
RUA 2,10,1,4,A,30363,0
RUA 2,10,1,4,B,94750,0
RUA 2,10,1,4,C,96293,0
RUA 2,10,1,4,D,94610,0
RUA 2,10,1,4,E,,0
RUA 2,10,1,5,A,88694,0
RUA 2,10,1,5,B,51236,0
RUA 2,10,1,5,C,53511,0
RUA 2,10,1,5,D,53686,0
RUA 2,10,1,5,E,,0
RUA 2,10,1,6,A,,0
RUA 2,10,1,6,B,49960,0
RUA 2,10,1,6,C,51123,0
RUA 2,10,1,6,D,53353,0
RUA 2,10,1,6,E,,0
RUA 3,2,1,1,A,53521,0
RUA 3,2,1,1,B,53355,0
RUA 3,2,1,1,C,47364,0
RUA 3,2,1,1,D,53437,0
RUA 3,2,1,1,E,93105,0
RUA 3,2,1,2,A,53519,0
RUA 3,2,1,2,B,53094,0
RUA 3,2,1,2,C,19816,0
RUA 3,2,1,2,D,53435,0
RUA 3,2,1,2,E,93103,0
RUA 3,2,1,3,A,53520,0
RUA 3,2,1,3,B,53095,0
RUA 3,2,1,3,C,07066,0
RUA 3,2,1,3,D,53436,0
RUA 3,2,1,3,E,,0
RUA 3,2,1,4,A,54360,0
RUA 3,2,1,4,B,55764,0
RUA 3,2,1,4,C,55957,0
RUA 3,2,1,4,D,47400,0
RUA 3,2,1,4,E,93106,0
RUA 3,2,1,5,A,54361,0
RUA 3,2,1,5,B,93104,0
RUA 3,2,1,5,C,55958,0
RUA 3,2,1,5,D,47401,0
RUA 3,2,1,5,E,48319,0
RUA 3,2,1,6,A,53522,0
RUA 3,2,1,6,B,48318,0
RUA 3,2,1,6,C,07234,0
RUA 3,2,1,6,D,53438,0
RUA 3,2,1,6,E,,0
RUA 3,3,1,1,A,52640,0
RUA 3,3,1,1,B,40220,0
RUA 3,3,1,1,C,50931,0
RUA 3,3,1,1,D,,0
RUA 3,3,1,1,E,,0
RUA 3,3,1,2,A,84043,0
RUA 3,3,1,2,B,53786,0
RUA 3,3,1,2,C,52639,0
RUA 3,3,1,2,D,,0
RUA 3,3,1,2,E,,0
RUA 3,3,1,3,A,84047,0
RUA 3,3,1,3,B,86465,0
RUA 3,3,1,3,C,58139,0
RUA 3,3,1,3,D,,0
RUA 3,3,1,3,E,,0
RUA 3,3,1,4,A,49288,0
RUA 3,3,1,4,B,94400,0
RUA 3,3,1,4,C,46931,0
RUA 3,3,1,4,D,,0
RUA 3,3,1,4,E,,0
RUA 3,3,1,5,A,58679,0
RUA 3,3,1,5,B,36226,0
RUA 3,3,1,5,C,58528,0
RUA 3,3,1,5,D,54197,0
RUA 3,3,1,5,E,,0
RUA 3,3,1,6,A,86297,0
RUA 3,3,1,6,B,59701,0
RUA 3,3,1,6,C,88209,0
RUA 3,3,1,6,D,,0
RUA 3,3,1,6,E,,0
RUA 3,4,1,1,A,47177,0
RUA 3,4,1,1,B,51749,0
RUA 3,4,1,1,C,53500,0
RUA 3,4,1,1,D,01644,0
RUA 3,4,1,1,E,,0
RUA 3,4,1,2,A,47175,0
RUA 3,4,1,2,B,51746,0
RUA 3,4,1,2,C,53504,0
RUA 3,4,1,2,D,01641,0
RUA 3,4,1,2,E,,0
RUA 3,4,1,3,A,47176,0
RUA 3,4,1,3,B,51745,0
RUA 3,4,1,3,C,56298,0
RUA 3,4,1,3,D,93047,0
RUA 3,4,1,3,E,,0
RUA 3,4,1,4,A,56297,0
RUA 3,4,1,4,B,51750,0
RUA 3,4,1,4,C,53503,0
RUA 3,4,1,4,D,55674,0
RUA 3,4,1,4,E,,0
RUA 3,4,1,5,A,56294,0
RUA 3,4,1,5,B,53463,0
RUA 3,4,1,5,C,55677,0
RUA 3,4,1,5,D,59565,0
RUA 3,4,1,5,E,,0
RUA 3,4,1,6,A,51517,0
RUA 3,4,1,6,B,56296,0
RUA 3,4,1,6,C,54095,0
RUA 3,4,1,6,D,86893,0
RUA 3,4,1,6,E,,0
RUA 3,5,1,1,A,86192,0
RUA 3,5,1,1,B,84113,0
RUA 3,5,1,1,C,44863,0
RUA 3,5,1,1,D,89965,0
RUA 3,5,1,1,E,,0
RUA 3,5,1,2,A,89305,0
RUA 3,5,1,2,B,56686,0
RUA 3,5,1,2,C,90237,0
RUA 3,5,1,2,D,89966,0
RUA 3,5,1,2,E,,0
RUA 3,5,1,3,A,89306,0
RUA 3,5,1,3,B,89337,0
RUA 3,5,1,3,C,89961,0
RUA 3,5,1,3,D,89967,0
RUA 3,5,1,3,E,,0
RUA 3,5,1,4,A,86167,0
RUA 3,5,1,4,B,90238,0
RUA 3,5,1,4,C,95648,0
RUA 3,5,1,4,D,89968,0
RUA 3,5,1,4,E,,0
RUA 3,5,1,5,A,89309,0
RUA 3,5,1,5,B,90241,0
RUA 3,5,1,5,C,36485,0
RUA 3,5,1,5,D,89969,0
RUA 3,5,1,5,E,,0
RUA 3,5,1,6,A,95649,0
RUA 3,5,1,6,B,58770,0
RUA 3,5,1,6,C,90242,0
RUA 3,5,1,6,D,89970,0
RUA 3,5,1,6,E,,0
RUA 3,6,1,1,A,30203,0
RUA 3,6,1,1,B,53433,0
RUA 3,6,1,1,C,53470,0
RUA 3,6,1,1,D,56293,0
RUA 3,6,1,1,E,53440,0
RUA 3,6,1,2,A,30199,0
RUA 3,6,1,2,B,53428,0
RUA 3,6,1,2,C,53462,0
RUA 3,6,1,2,D,55804,0
RUA 3,6,1,2,E,53439,0
RUA 3,6,1,3,A,30302,0
RUA 3,6,1,3,B,54363,0
RUA 3,6,1,3,C,55805,0
RUA 3,6,1,3,D,53499,0
RUA 3,6,1,3,E,53441,0
RUA 3,6,1,4,A,30207,0
RUA 3,6,1,4,B,53434,0
RUA 3,6,1,4,C,53464,0
RUA 3,6,1,4,D,53466,0
RUA 3,6,1,4,E,,0
RUA 3,6,1,5,A,52212,0
RUA 3,6,1,5,B,55669,0
RUA 3,6,1,5,C,55802,0
RUA 3,6,1,5,D,57076,0
RUA 3,6,1,5,E,54362,0
RUA 3,6,1,6,A,52190,0
RUA 3,6,1,6,B,,0
RUA 3,6,1,6,C,55803,0
RUA 3,6,1,6,D,57415,0
RUA 3,6,1,6,E,,0
RUA 3,7,1,1,A,58458,0
RUA 3,7,1,1,B,58448,0
RUA 3,7,1,1,C,58463,0
RUA 3,7,1,1,D,58442,0
RUA 3,7,1,1,E,,0
RUA 3,7,1,2,A,,0
RUA 3,7,1,2,B,86282,0
RUA 3,7,1,2,C,,0
RUA 3,7,1,2,D,86196,0
RUA 3,7,1,2,E,,0
RUA 3,7,1,3,A,,0
RUA 3,7,1,3,B,89679,0
RUA 3,7,1,3,C,,0
RUA 3,7,1,3,D,58014,0
RUA 3,7,1,3,E,,0
RUA 3,7,1,4,A,97006,0
RUA 3,7,1,4,B,89678,0
RUA 3,7,1,4,C,89705,0
RUA 3,7,1,4,D,49291,0
RUA 3,7,1,4,E,,0
RUA 3,7,1,5,A,89205,0
RUA 3,7,1,5,B,89680,0
RUA 3,7,1,5,C,85293,0
RUA 3,7,1,5,D,53922,0
RUA 3,7,1,5,E,,0
RUA 3,7,1,6,A,49913,0
RUA 3,7,1,6,B,89681,0
RUA 3,7,1,6,C,95800,0
RUA 3,7,1,6,D,89300,0
RUA 3,7,1,6,E,,0
RUA 3,8,1,1,A,47169,0
RUA 3,8,1,1,B,53506,0
RUA 3,8,1,1,C,88917,0
RUA 3,8,1,1,D,07217,0
RUA 3,8,1,1,E,,0
RUA 3,8,1,2,A,52213,0
RUA 3,8,1,2,B,53502,0
RUA 3,8,1,2,C,88303,0
RUA 3,8,1,2,D,53392,0
RUA 3,8,1,2,E,53388,0
RUA 3,8,1,3,A,47168,0
RUA 3,8,1,3,B,53501,0
RUA 3,8,1,3,C,88304,0
RUA 3,8,1,3,D,56295,0
RUA 3,8,1,3,E,53389,0
RUA 3,8,1,4,A,47170,0
RUA 3,8,1,4,B,53517,0
RUA 3,8,1,4,C,88918,0
RUA 3,8,1,4,D,53357,0
RUA 3,8,1,4,E,,0
RUA 3,8,1,5,A,47171,0
RUA 3,8,1,5,B,53507,0
RUA 3,8,1,5,C,90923,0
RUA 3,8,1,5,D,55675,0
RUA 3,8,1,5,E,53409,0
RUA 3,8,1,6,A,90924,0
RUA 3,8,1,6,B,47402,0
RUA 3,8,1,6,C,89024,0
RUA 3,8,1,6,D,55676,0
RUA 3,8,1,6,E,50094,0
RUA 3,9,1,1,A,,0
RUA 3,9,1,1,B,56616,0
RUA 3,9,1,1,C,58669,0
RUA 3,9,1,1,D,56592,0
RUA 3,9,1,1,E,,0
RUA 3,9,1,2,A,58674,0
RUA 3,9,1,2,B,58668,0
RUA 3,9,1,2,C,79375,0
RUA 3,9,1,2,D,,0
RUA 3,9,1,2,E,,0
RUA 3,9,1,3,A,79369,0
RUA 3,9,1,3,B,,0
RUA 3,9,1,3,C,,0
RUA 3,9,1,3,D,,0
RUA 3,9,1,3,E,,0
RUA 3,9,1,4,A,84672,0
RUA 3,9,1,4,B,,0
RUA 3,9,1,4,C,,0
RUA 3,9,1,4,D,,0
RUA 3,9,1,4,E,,0
RUA 3,9,1,5,A,,0
RUA 3,9,1,5,B,86290,0
RUA 3,9,1,5,C,45025;57642,0
RUA 3,9,1,5,D,57993,0
RUA 3,9,1,5,E,,0
RUA 3,9,1,6,A,,0
RUA 3,9,1,6,B,,0
RUA 3,9,1,6,C,,0
RUA 3,9,1,6,D,,0
RUA 3,9,1,6,E,,0
RUA 3,10,1,1,A,54073,0
RUA 3,10,1,1,B,52036,0
RUA 3,10,1,1,C,52168,0
RUA 3,10,1,1,D,82948,0
RUA 3,10,1,1,E,,0
RUA 3,10,1,2,A,50882,0
RUA 3,10,1,2,B,86754,0
RUA 3,10,1,2,C,52169,0
RUA 3,10,1,2,D,50396,0
RUA 3,10,1,2,E,86759,0
RUA 3,10,1,3,A,86863,0
RUA 3,10,1,3,B,53919,0
RUA 3,10,1,3,C,47960,0
RUA 3,10,1,3,D,47598,0
RUA 3,10,1,3,E,,0
RUA 3,10,1,4,A,93150,0
RUA 3,10,1,4,B,53358,0
RUA 3,10,1,4,C,47963,0
RUA 3,10,1,4,D,47602,0
RUA 3,10,1,4,E,53411,0
RUA 3,10,1,5,A,52247,0
RUA 3,10,1,5,B,52171,0
RUA 3,10,1,5,C,52342,0
RUA 3,10,1,5,D,47962,0
RUA 3,10,1,5,E,,0
RUA 3,10,1,6,A,55671,0
RUA 3,10,1,6,B,52250,0
RUA 3,10,1,6,C,50395,0
RUA 3,10,1,6,D,47599,0
RUA 3,10,1,6,E,86758,0
RUA 4,2,1,1,A,53840,0
RUA 4,2,1,1,B,49803,0
RUA 4,2,1,1,C,53761,0
RUA 4,2,1,1,D,50267,0
RUA 4,2,1,1,E,,0
RUA 4,2,1,2,A,85328,0
RUA 4,2,1,2,B,86713,0
RUA 4,2,1,2,C,52107,0
RUA 4,2,1,2,D,56365,0
RUA 4,2,1,2,E,,0
RUA 4,2,1,3,A,54190,0
RUA 4,2,1,3,B,49540,0
RUA 4,2,1,3,C,48117,0
RUA 4,2,1,3,D,50271,0
RUA 4,2,1,3,E,,0
RUA 4,2,1,4,A,59549,0
RUA 4,2,1,4,B,52747,0
RUA 4,2,1,4,C,53979,0
RUA 4,2,1,4,D,88716,0
RUA 4,2,1,4,E,,0
RUA 4,2,1,5,A,87518,0
RUA 4,2,1,5,B,53138,0
RUA 4,2,1,5,C,87017,0
RUA 4,2,1,5,D,86259,0
RUA 4,2,1,5,E,,0
RUA 4,2,1,6,A,94060,0
RUA 4,2,1,6,B,94097,0
RUA 4,2,1,6,C,93541,0
RUA 4,2,1,6,D,89767,0
RUA 4,2,1,6,E,,0
RUA 4,3,1,1,A,49570,0
RUA 4,3,1,1,B,87292,0
RUA 4,3,1,1,C,56219,0
RUA 4,3,1,1,D,49568,0
RUA 4,3,1,1,E,,0
RUA 4,3,1,2,A,87340,0
RUA 4,3,1,2,B,87325,0
RUA 4,3,1,2,C,58056,0
RUA 4,3,1,2,D,49579,0
RUA 4,3,1,2,E,,0
RUA 4,3,1,3,A,49584,0
RUA 4,3,1,3,B,50112,0
RUA 4,3,1,3,C,87338,0
RUA 4,3,1,3,D,85321,0
RUA 4,3,1,3,E,,0
RUA 4,3,1,4,A,94053,0
RUA 4,3,1,4,B,52299,0
RUA 4,3,1,4,C,87328,0
RUA 4,3,1,4,D,49577,0
RUA 4,3,1,4,E,,0
RUA 4,3,1,5,A,87293,0
RUA 4,3,1,5,B,78620,0
RUA 4,3,1,5,C,85899,0
RUA 4,3,1,5,D,54478,0
RUA 4,3,1,5,E,,0
RUA 4,3,1,6,A,58933,0
RUA 4,3,1,6,B,53013,0
RUA 4,3,1,6,C,92219,0
RUA 4,3,1,6,D,56231,0
RUA 4,3,1,6,E,,0
RUA 4,4,1,1,A,94061,0
RUA 4,4,1,1,B,49487,0
RUA 4,4,1,1,C,53144,0
RUA 4,4,1,1,D,91009,0
RUA 4,4,1,1,E,,0
RUA 4,4,1,2,A,94058,0
RUA 4,4,1,2,B,89701,0
RUA 4,4,1,2,C,87259,0
RUA 4,4,1,2,D,87155,0
RUA 4,4,1,2,E,,0
RUA 4,4,1,3,A,12967,0
RUA 4,4,1,3,B,53136,0
RUA 4,4,1,3,C,86227,0
RUA 4,4,1,3,D,50272,0
RUA 4,4,1,3,E,,0
RUA 4,4,1,4,A,94062,0
RUA 4,4,1,4,B,52748,0
RUA 4,4,1,4,C,93546,0
RUA 4,4,1,4,D,50273,0
RUA 4,4,1,4,E,,0
RUA 4,4,1,5,A,92730,0
RUA 4,4,1,5,B,87143,0
RUA 4,4,1,5,C,93542,0
RUA 4,4,1,5,D,53145,0
RUA 4,4,1,5,E,,0
RUA 4,4,1,6,A,53452,0
RUA 4,4,1,6,B,54189,0
RUA 4,4,1,6,C,87517,0
RUA 4,4,1,6,D,86031,0
RUA 4,4,1,6,E,,0
RUA 4,5,1,1,A,51514,0
RUA 4,5,1,1,B,90704,0
RUA 4,5,1,1,C,96074,0
RUA 4,5,1,1,D,57597,0
RUA 4,5,1,1,E,52075,0
RUA 4,5,1,2,A,86658,0
RUA 4,5,1,2,B,86663,0
RUA 4,5,1,2,C,88007,0
RUA 4,5,1,2,D,89694,0
RUA 4,5,1,2,E,52077,0
RUA 4,5,1,3,A,94866,0
RUA 4,5,1,3,B,94093,0
RUA 4,5,1,3,C,94200,0
RUA 4,5,1,3,D,89693,0
RUA 4,5,1,3,E,52078,0
RUA 4,5,1,4,A,56805,0
RUA 4,5,1,4,B,54450,0
RUA 4,5,1,4,C,94626,0
RUA 4,5,1,4,D,56796,0
RUA 4,5,1,4,E,52076,0
RUA 4,5,1,5,A,94091,0
RUA 4,5,1,5,B,85608,0
RUA 4,5,1,5,C,90706,0
RUA 4,5,1,5,D,56797,0
RUA 4,5,1,5,E,52082,0
RUA 4,5,1,6,A,87299,0
RUA 4,5,1,6,B,51432,0
RUA 4,5,1,6,C,49063,0
RUA 4,5,1,6,D,51096,0
RUA 4,5,1,6,E,52079,0
RUA 4,6,2,1,A,87759,0
RUA 4,6,2,1,B,52383,0
RUA 4,6,2,1,C,88987,0
RUA 4,6,2,1,D,85315,0
RUA 4,6,2,1,E,53839,0
RUA 4,6,2,2,A,52382,0
RUA 4,6,2,2,B,52385,0
RUA 4,6,2,2,C,89038,0
RUA 4,6,2,2,D,86042,0
RUA 4,6,2,2,E,,0
RUA 4,6,2,3,A,87766,0
RUA 4,6,2,3,B,87131,0
RUA 4,6,2,3,C,94984,0
RUA 4,6,2,3,D,86258,0
RUA 4,6,2,3,E,,0
RUA 4,6,2,4,A,87761,0
RUA 4,6,2,4,B,87152,0
RUA 4,6,2,4,C,54312,0
RUA 4,6,2,4,D,85314,0
RUA 4,6,2,4,E,,0
RUA 4,6,2,5,A,57550,0
RUA 4,6,2,5,B,87157,0
RUA 4,6,2,5,C,51533,0
RUA 4,6,2,5,D,85311,0
RUA 4,6,2,5,E,,0
RUA 4,6,2,6,A,52386,0
RUA 4,6,2,6,B,89484,0
RUA 4,6,2,6,C,87135,0
RUA 4,6,2,6,D,85308,0
RUA 4,6,2,6,E,,0
RUA 4,7,2,1,A,47639,0
RUA 4,7,2,1,B,87018,0
RUA 4,7,2,1,C,82586,0
RUA 4,7,2,1,D,59268,0
RUA 4,7,2,1,E,,0
RUA 4,7,2,2,A,88003,0
RUA 4,7,2,2,B,89819,0
RUA 4,7,2,2,C,94054,0
RUA 4,7,2,2,D,87154,0
RUA 4,7,2,2,E,,0
RUA 4,7,2,3,A,47624,0
RUA 4,7,2,3,B,86671,0
RUA 4,7,2,3,C,86667,0
RUA 4,7,2,3,D,52085,0
RUA 4,7,2,3,E,,0
RUA 4,7,2,4,A,84741,0
RUA 4,7,2,4,B,49379,0
RUA 4,7,2,4,C,83151,0
RUA 4,7,2,4,D,52083,0
RUA 4,7,2,4,E,85548,0
RUA 4,7,2,5,A,86668,0
RUA 4,7,2,5,B,90750,0
RUA 4,7,2,5,C,83145,0
RUA 4,7,2,5,D,59581,0
RUA 4,7,2,5,E,,0
RUA 4,7,2,6,A,49378,0
RUA 4,7,2,6,B,87215,0
RUA 4,7,2,6,C,87153,0
RUA 4,7,2,6,D,87127,0
RUA 4,7,2,6,E,,0
RUA 4,8,2,1,A,51092,0
RUA 4,8,2,1,B,90610,0
RUA 4,8,2,1,C,52758,0
RUA 4,8,2,1,D,95353,0
RUA 4,8,2,1,E,,0
RUA 4,8,2,2,A,52389,0
RUA 4,8,2,2,B,85312,0
RUA 4,8,2,2,C,85316,0
RUA 4,8,2,2,D,85353,0
RUA 4,8,2,2,E,,0
RUA 4,8,2,3,A,51088;87132,0
RUA 4,8,2,3,B,51074,0
RUA 4,8,2,3,C,51084,0
RUA 4,8,2,3,D,85395,0
RUA 4,8,2,3,E,,0
RUA 4,8,2,4,A,87257,0
RUA 4,8,2,4,B,86225,0
RUA 4,8,2,4,C,88065,0
RUA 4,8,2,4,D,87137,0
RUA 4,8,2,4,E,,0
RUA 4,8,2,5,A,51087,0
RUA 4,8,2,5,B,87214,0
RUA 4,8,2,5,C,85369,0
RUA 4,8,2,5,D,51086,0
RUA 4,8,2,5,E,,0
RUA 4,8,2,6,A,86226,0
RUA 4,8,2,6,B,85396,0
RUA 4,8,2,6,C,87126,0
RUA 4,8,2,6,D,58741,0
RUA 4,8,2,6,E,,0
RUA 4,9,2,1,A,72521,0
RUA 4,9,2,1,B,49102,0
RUA 4,9,2,1,C,49089,0
RUA 4,9,2,1,D,83124,0
RUA 4,9,2,1,E,53410,0
RUA 4,9,2,2,A,87174,0
RUA 4,9,2,2,B,87768,0
RUA 4,9,2,2,C,52243,0
RUA 4,9,2,2,D,56523;56522;56521;56518;56517;56516;56514;56510;56509;56508;56505;56504;56503;88142;88144;88146;88206;88143;88145,0
RUA 4,9,2,2,E,76547,0
RUA 4,9,2,3,A,90322,0
RUA 4,9,2,3,B,87262,0
RUA 4,9,2,3,C,84224,0
RUA 4,9,2,3,D,86670,0
RUA 4,9,2,3,E,,0
RUA 4,9,2,4,A,83156,0
RUA 4,9,2,4,B,81181;83699,0
RUA 4,9,2,4,C,49583,0
RUA 4,9,2,4,D,57780,0
RUA 4,9,2,4,E,87136,0
RUA 4,9,2,5,A,88006,0
RUA 4,9,2,5,B,88008,0
RUA 4,9,2,5,C,83697,0
RUA 4,9,2,5,D,57765,0
RUA 4,9,2,5,E,,0
RUA 4,9,2,6,A,56811,0
RUA 4,9,2,6,B,94617,0
RUA 4,9,2,6,C,58591,0
RUA 4,9,2,6,D,83140,0
RUA 4,9,2,6,E,,0
RUA 4,10,2,1,A,47608,0
RUA 4,10,2,1,B,93747,0
RUA 4,10,2,1,C,87128,0
RUA 4,10,2,1,D,87256,0
RUA 4,10,2,1,E,,0
RUA 4,10,2,2,A,93065,0
RUA 4,10,2,2,B,87302,0
RUA 4,10,2,2,C,86038,0
RUA 4,10,2,2,D,47609,0
RUA 4,10,2,2,E,85845,0
RUA 4,10,2,3,A,93062,0
RUA 4,10,2,3,B,51795,0
RUA 4,10,2,3,C,93077,0
RUA 4,10,2,3,D,58357,0
RUA 4,10,2,3,E,,0
RUA 4,10,2,4,A,93063,0
RUA 4,10,2,4,B,47888,0
RUA 4,10,2,4,C,93082,0
RUA 4,10,2,4,D,93738,0
RUA 4,10,2,4,E,,0
RUA 4,10,2,5,A,89082,0
RUA 4,10,2,5,B,47887,0
RUA 4,10,2,5,C,58406,0
RUA 4,10,2,5,D,93081,0
RUA 4,10,2,5,E,,0
RUA 4,10,2,6,A,58404,0
RUA 4,10,2,6,B,89081,0
RUA 4,10,2,6,C,58405,0
RUA 4,10,2,6,D,01634,0
RUA 4,10,2,6,E,,0
RUA 5,1,2,1,A,87175,0
RUA 5,1,2,1,B,56446,0
RUA 5,1,2,1,C,51168,0
RUA 5,1,2,1,D,83445,0
RUA 5,1,2,1,E,49824,0
RUA 5,1,2,2,A,87145,0
RUA 5,1,2,2,B,,0
RUA 5,1,2,2,C,49888,0
RUA 5,1,2,2,D,51231,0
RUA 5,1,2,2,E,49896,0
RUA 5,1,2,3,A,49893,0
RUA 5,1,2,3,B,77690,0
RUA 5,1,2,3,C,,0
RUA 5,1,2,3,D,85543,0
RUA 5,1,2,3,E,,0
RUA 5,1,2,4,A,84203,0
RUA 5,1,2,4,B,82033,0
RUA 5,1,2,4,C,49898,0
RUA 5,1,2,4,D,56695,0
RUA 5,1,2,4,E,49882,0
RUA 5,1,2,5,A,83052,0
RUA 5,1,2,5,B,,0
RUA 5,1,2,5,C,49890,0
RUA 5,1,2,5,D,49903,0
RUA 5,1,2,5,E,,0
RUA 5,1,2,6,A,94763,0
RUA 5,1,2,6,B,48547,0
RUA 5,1,2,6,C,48615,0
RUA 5,1,2,6,D,49880,0
RUA 5,1,2,6,E,53510,0
RUA 5,2,2,1,A,89422,0
RUA 5,2,2,1,B,89420,0
RUA 5,2,2,1,C,85163,0
RUA 5,2,2,1,D,52005,0
RUA 5,2,2,1,E,,0
RUA 5,2,2,2,A,49954,0
RUA 5,2,2,2,B,55707,0
RUA 5,2,2,2,C,49959,0
RUA 5,2,2,2,D,59518,0
RUA 5,2,2,2,E,,0
RUA 5,2,2,3,A,53346,0
RUA 5,2,2,3,B,82046,0
RUA 5,2,2,3,C,48673,0
RUA 5,2,2,3,D,86765,0
RUA 5,2,2,3,E,52948,0
RUA 5,2,2,4,A,52004,0
RUA 5,2,2,4,B,82250,0
RUA 5,2,2,4,C,48672,0
RUA 5,2,2,4,D,01650,0
RUA 5,2,2,4,E,,0
RUA 5,2,2,5,A,01428,0
RUA 5,2,2,5,B,53350,0
RUA 5,2,2,5,C,77045,0
RUA 5,2,2,5,D,48253,0
RUA 5,2,2,5,E,,0
RUA 5,2,2,6,A,82052,0
RUA 5,2,2,6,B,01640,0
RUA 5,2,2,6,C,53347,0
RUA 5,2,2,6,D,48994,0
RUA 5,2,2,6,E,,0
RUA 5,3,2,1,A,49879,0
RUA 5,3,2,1,B,88702,0
RUA 5,3,2,1,C,51124,0
RUA 5,3,2,1,D,51165,0
RUA 5,3,2,1,E,49764,0
RUA 5,3,2,2,A,88696,0
RUA 5,3,2,2,B,82246,0
RUA 5,3,2,2,C,85547,0
RUA 5,3,2,2,D,51166,0
RUA 5,3,2,2,E,51128,0
RUA 5,3,2,3,A,49823,0
RUA 5,3,2,3,B,,0
RUA 5,3,2,3,C,55144;56156,0
RUA 5,3,2,3,D,,0
RUA 5,3,2,3,E,53515,0
RUA 5,3,2,4,A,,0
RUA 5,3,2,4,B,81419,0
RUA 5,3,2,4,C,49401,0
RUA 5,3,2,4,D,53513,0
RUA 5,3,2,4,E,,0
RUA 5,3,2,5,A,49887,0
RUA 5,3,2,5,B,51227,0
RUA 5,3,2,5,C,85542,0
RUA 5,3,2,5,D,52086,0
RUA 5,3,2,5,E,53792,0
RUA 5,3,2,6,A,56209,0
RUA 5,3,2,6,B,52051,0
RUA 5,3,2,6,C,52095,0
RUA 5,3,2,6,D,85564,0
RUA 5,3,2,6,E,,0
RUA 5,4,2,1,A,49418,0
RUA 5,4,2,1,B,48997,0
RUA 5,4,2,1,C,85052,0
RUA 5,4,2,1,D,85051,0
RUA 5,4,2,1,E,75664,0
RUA 5,4,2,2,A,88563,0
RUA 5,4,2,2,B,88730,0
RUA 5,4,2,2,C,48280,0
RUA 5,4,2,2,D,85097,0
RUA 5,4,2,2,E,83072,0
RUA 5,4,2,3,A,85098,0
RUA 5,4,2,3,B,56181,0
RUA 5,4,2,3,C,85058,0
RUA 5,4,2,3,D,95919,0
RUA 5,4,2,3,E,,0
RUA 5,4,2,4,A,01680,0
RUA 5,4,2,4,B,88821,0
RUA 5,4,2,4,C,95920,0
RUA 5,4,2,4,D,85096,0
RUA 5,4,2,4,E,,0
RUA 5,4,2,5,A,01676,0
RUA 5,4,2,5,B,49963,0
RUA 5,4,2,5,C,87050,0
RUA 5,4,2,5,D,85099,0
RUA 5,4,2,5,E,,0
RUA 5,4,2,6,A,01697,0
RUA 5,4,2,6,B,88822,0
RUA 5,4,2,6,C,88823,0
RUA 5,4,2,6,D,87300,0
RUA 5,4,2,6,E,,0
RUA 5,5,2,1,A,47165,0
RUA 5,5,2,1,B,87081,0
RUA 5,5,2,1,C,87079,0
RUA 5,5,2,1,D,82798,0
RUA 5,5,2,1,E,,0
RUA 5,5,2,2,A,94676,0
RUA 5,5,2,2,B,87454,0
RUA 5,5,2,2,C,55104,0
RUA 5,5,2,2,D,54805,0
RUA 5,5,2,2,E,83726,0
RUA 5,5,2,3,A,49769,0
RUA 5,5,2,3,B,58521,0
RUA 5,5,2,3,C,82795,0
RUA 5,5,2,3,D,48966,0
RUA 5,5,2,3,E,55105,0
RUA 5,5,2,4,A,87075,0
RUA 5,5,2,4,B,87078,0
RUA 5,5,2,4,C,59197,0
RUA 5,5,2,4,D,55106,0
RUA 5,5,2,4,E,50190,0
RUA 5,5,2,5,A,48100,0
RUA 5,5,2,5,B,82794,0
RUA 5,5,2,5,C,56991,0
RUA 5,5,2,5,D,56990,0
RUA 5,5,2,5,E,,0
RUA 5,5,2,6,A,50879,0
RUA 5,5,2,6,B,59404,0
RUA 5,5,2,6,C,87073,0
RUA 5,5,2,6,D,59188,0
RUA 5,5,2,6,E,56448,0
RUA 5,6,2,1,A,53365,0
RUA 5,6,2,1,B,53356,0
RUA 5,6,2,1,C,88361,0
RUA 5,6,2,1,D,47625,0
RUA 5,6,2,1,E,52016,0
RUA 5,6,2,2,A,52296,0
RUA 5,6,2,2,B,48562,0
RUA 5,6,2,2,C,58219,0
RUA 5,6,2,2,D,48993,0
RUA 5,6,2,2,E,,0
RUA 5,6,2,3,A,47618,0
RUA 5,6,2,3,B,48505,0
RUA 5,6,2,3,C,82092,0
RUA 5,6,2,3,D,53352,0
RUA 5,6,2,3,E,,0
RUA 5,6,2,4,A,83976,0
RUA 5,6,2,4,B,88365,0
RUA 5,6,2,4,C,51859,0
RUA 5,6,2,4,D,87914,0
RUA 5,6,2,4,E,,0
RUA 5,6,2,5,A,48286,0
RUA 5,6,2,5,B,87374,0
RUA 5,6,2,5,C,88820,0
RUA 5,6,2,5,D,94704,0
RUA 5,6,2,5,E,52634,0
RUA 5,6,2,6,A,86320,0
RUA 5,6,2,6,B,47620,0
RUA 5,6,2,6,C,94675,0
RUA 5,6,2,6,D,,0
RUA 5,6,2,6,E,83851,0
RUA 5,7,2,1,A,56711,0
RUA 5,7,2,1,B,59696,0
RUA 5,7,2,1,C,94499,0
RUA 5,7,2,1,D,04379,0
RUA 5,7,2,1,E,,0
RUA 5,7,2,2,A,93640,0
RUA 5,7,2,2,B,89095,0
RUA 5,7,2,2,C,86059,0
RUA 5,7,2,2,D,87916,0
RUA 5,7,2,2,E,54802,0
RUA 5,7,2,3,A,56867,0
RUA 5,7,2,3,B,86875,0
RUA 5,7,2,3,C,86058,0
RUA 5,7,2,3,D,50481,0
RUA 5,7,2,3,E,,0
RUA 5,7,2,4,A,55503,0
RUA 5,7,2,4,B,48292,0
RUA 5,7,2,4,C,86061,0
RUA 5,7,2,4,D,58596,0
RUA 5,7,2,4,E,48287,0
RUA 5,7,2,5,A,49048,0
RUA 5,7,2,5,B,56445,0
RUA 5,7,2,5,C,57368,0
RUA 5,7,2,5,D,55614,0
RUA 5,7,2,5,E,73638,0
RUA 5,7,2,6,A,50188,0
RUA 5,7,2,6,B,49932,0
RUA 5,7,2,6,C,55710,0
RUA 5,7,2,6,D,47863,0
RUA 5,7,2,6,E,,0
RUA 5,8,2,1,A,83837,0
RUA 5,8,2,1,B,83824,0
RUA 5,8,2,1,C,83823,0
RUA 5,8,2,1,D,47378,0
RUA 5,8,2,1,E,,0
RUA 5,8,2,2,A,51975,0
RUA 5,8,2,2,B,52280,0
RUA 5,8,2,2,C,51783,0
RUA 5,8,2,2,D,82084,0
RUA 5,8,2,2,E,,0
RUA 5,8,2,3,A,83836,0
RUA 5,8,2,3,B,56607,0
RUA 5,8,2,3,C,82061,0
RUA 5,8,2,3,D,83845,0
RUA 5,8,2,3,E,82093,0
RUA 5,8,2,4,A,56606,0
RUA 5,8,2,4,B,82091,0
RUA 5,8,2,4,C,82098,0
RUA 5,8,2,4,D,52279,0
RUA 5,8,2,4,E,,0
RUA 5,8,2,5,A,82086,0
RUA 5,8,2,5,B,83839,0
RUA 5,8,2,5,C,57966,0
RUA 5,8,2,5,D,85361,0
RUA 5,8,2,5,E,,0
RUA 5,8,2,6,A,82083,0
RUA 5,8,2,6,B,47415,0
RUA 5,8,2,6,C,85829,0
RUA 5,8,2,6,D,57965,0
RUA 5,8,2,6,E,,0
RUA 5,9,2,1,A,53003,0
RUA 5,9,2,1,B,94879,0
RUA 5,9,2,1,C,86798,0
RUA 5,9,2,1,D,48504,0
RUA 5,9,2,1,E,,0
RUA 5,9,2,2,A,56217,0
RUA 5,9,2,2,B,94886,0
RUA 5,9,2,2,C,86799,0
RUA 5,9,2,2,D,86397,0
RUA 5,9,2,2,E,,0
RUA 5,9,2,3,A,50513,0
RUA 5,9,2,3,B,90516,0
RUA 5,9,2,3,C,52542,0
RUA 5,9,2,3,D,86396,0
RUA 5,9,2,3,E,,0
RUA 5,9,2,4,A,51755,0
RUA 5,9,2,4,B,90517,0
RUA 5,9,2,4,C,90654;90709;90710;90711;90712;90713;90714;90715;90716;90717;90718;90719;90720;90721;90722;90723;90724;90726;90727;90728;90729;90731;90653;90655;90656;90657;90658;90659;90660;90661;90662;90664;90665;90666;90667;90668;90669;90670;90671;90672;90673;90674,0
RUA 5,9,2,4,D,89599,0
RUA 5,9,2,4,E,,0
RUA 5,9,2,5,A,46936,0
RUA 5,9,2,5,B,90519,0
RUA 5,9,2,5,C,90593,0
RUA 5,9,2,5,D,90117,0
RUA 5,9,2,5,E,,0
RUA 5,9,2,6,A,52850,0
RUA 5,9,2,6,B,88130,0
RUA 5,9,2,6,C,90507,0
RUA 5,9,2,6,D,89870,0
RUA 5,9,2,6,E,,0
RUA 5,10,2,1,A,56488,0
RUA 5,10,2,1,B,48555,0
RUA 5,10,2,1,C,85826,0
RUA 5,10,2,1,D,82060,0
RUA 5,10,2,1,E,,0
RUA 5,10,2,2,A,51991,0
RUA 5,10,2,2,B,55208,0
RUA 5,10,2,2,C,47416,0
RUA 5,10,2,2,D,51782,0
RUA 5,10,2,2,E,,0
RUA 5,10,2,3,A,82063,0
RUA 5,10,2,3,B,51796,0
RUA 5,10,2,3,C,90508,0
RUA 5,10,2,3,D,56278,0
RUA 5,10,2,3,E,82094,0
RUA 5,10,2,4,A,83844,0
RUA 5,10,2,4,B,83843,0
RUA 5,10,2,4,C,90510,0
RUA 5,10,2,4,D,51787,0
RUA 5,10,2,4,E,,0
RUA 5,10,2,5,A,47407,0
RUA 5,10,2,5,B,90509,0
RUA 5,10,2,5,C,58724,0
RUA 5,10,2,5,D,85165,0
RUA 5,10,2,5,E,,0
RUA 5,10,2,6,A,85171,0
RUA 5,10,2,6,B,83842,0
RUA 5,10,2,6,C,83840,0
RUA 5,10,2,6,D,51793,0
RUA 5,10,2,6,E,,0
RUA 6,1,2,1,A,57801,0
RUA 6,1,2,1,B,56164,0
RUA 6,1,2,1,C,93277,0
RUA 6,1,2,1,D,88720,0
RUA 6,1,2,1,E,,0
RUA 6,1,2,2,A,58193,0
RUA 6,1,2,2,B,87442,0
RUA 6,1,2,2,C,58636,0
RUA 6,1,2,2,D,59682,0
RUA 6,1,2,2,E,,0
RUA 6,1,2,3,A,57730;58417,0
RUA 6,1,2,3,B,52031,0
RUA 6,1,2,3,C,84216,0
RUA 6,1,2,3,D,51466,0
RUA 6,1,2,3,E,55649,0
RUA 6,1,2,4,A,52581,0
RUA 6,1,2,4,B,89846,0
RUA 6,1,2,4,C,85915,0
RUA 6,1,2,4,D,53958,0
RUA 6,1,2,4,E,,0
RUA 6,1,2,5,A,56973,0
RUA 6,1,2,5,B,89645,0
RUA 6,1,2,5,C,59683,0
RUA 6,1,2,5,D,57902,0
RUA 6,1,2,5,E,,0
RUA 6,1,2,6,A,49927,0
RUA 6,1,2,6,B,56865,0
RUA 6,1,2,6,C,56585,0
RUA 6,1,2,6,D,49921,0
RUA 6,1,2,6,E,,0
RUA 6,2,2,1,A,58380,0
RUA 6,2,2,1,B,56291,0
RUA 6,2,2,1,C,75318,0
RUA 6,2,2,1,D,52406,0
RUA 6,2,2,1,E,,0
RUA 6,2,2,2,A,75313,0
RUA 6,2,2,2,B,93718,0
RUA 6,2,2,2,C,81132,0
RUA 6,2,2,2,D,56135,0
RUA 6,2,2,2,E,,0
RUA 6,2,2,3,A,55437,0
RUA 6,2,2,3,B,55407,0
RUA 6,2,2,3,C,56836,0
RUA 6,2,2,3,D,87363,0
RUA 6,2,2,3,E,53755,0
RUA 6,2,2,4,A,59189,0
RUA 6,2,2,4,B,55403,0
RUA 6,2,2,4,C,56322,0
RUA 6,2,2,4,D,56323,0
RUA 6,2,2,4,E,,0
RUA 6,2,2,5,A,87364,0
RUA 6,2,2,5,B,89098,0
RUA 6,2,2,5,C,54000,0
RUA 6,2,2,5,D,58181,0
RUA 6,2,2,5,E,,0
RUA 6,2,2,6,A,49925,0
RUA 6,2,2,6,B,56676,0
RUA 6,2,2,6,C,88738,0
RUA 6,2,2,6,D,56765,0
RUA 6,2,2,6,E,,0
RUA 6,3,2,1,A,58871,0
RUA 6,3,2,1,B,37003;94989,0
RUA 6,3,2,1,C,89203,0
RUA 6,3,2,1,D,89084,0
RUA 6,3,2,1,E,,0
RUA 6,3,2,2,A,58868,0
RUA 6,3,2,2,B,86293,0
RUA 6,3,2,2,C,89204,0
RUA 6,3,2,2,D,87304,0
RUA 6,3,2,2,E,,0
RUA 6,3,2,3,A,79354,0
RUA 6,3,2,3,B,89097,0
RUA 6,3,2,3,C,80939,0
RUA 6,3,2,3,D,89085,0
RUA 6,3,2,3,E,,0
RUA 6,3,2,4,A,58865,0
RUA 6,3,2,4,B,94212,0
RUA 6,3,2,4,C,89206,0
RUA 6,3,2,4,D,85164,0
RUA 6,3,2,4,E,,0
RUA 6,3,2,5,A,58194,0
RUA 6,3,2,5,B,88631,0
RUA 6,3,2,5,C,94213,0
RUA 6,3,2,5,D,87308,0
RUA 6,3,2,5,E,,0
RUA 6,3,2,6,A,54003,0
RUA 6,3,2,6,B,57641,0
RUA 6,3,2,6,C,57791,0
RUA 6,3,2,6,D,53743,0
RUA 6,3,2,6,E,,0
RUA 6,4,2,1,A,50483,0
RUA 6,4,2,1,B,89096,0
RUA 6,4,2,1,C,89483,0
RUA 6,4,2,1,D,57505,0
RUA 6,4,2,1,E,,0
RUA 6,4,2,2,A,75320,0
RUA 6,4,2,2,B,88739,0
RUA 6,4,2,2,C,93700,0
RUA 6,4,2,2,D,85995,0
RUA 6,4,2,2,E,,0
RUA 6,4,2,3,A,88742,0
RUA 6,4,2,3,B,51515,0
RUA 6,4,2,3,C,56487,0
RUA 6,4,2,3,D,53726,0
RUA 6,4,2,3,E,,0
RUA 6,4,2,4,A,54475,0
RUA 6,4,2,4,B,57837,0
RUA 6,4,2,4,C,86340,0
RUA 6,4,2,4,D,87271,0
RUA 6,4,2,4,E,,0
RUA 6,4,2,5,A,59207,0
RUA 6,4,2,5,B,58383,0
RUA 6,4,2,5,C,50480,0
RUA 6,4,2,5,D,89370,0
RUA 6,4,2,5,E,,0
RUA 6,4,2,6,A,56678,0
RUA 6,4,2,6,B,52943,0
RUA 6,4,2,6,C,58869,0
RUA 6,4,2,6,D,53338,0
RUA 6,4,2,6,E,,0
RUA 6,5,2,1,A,73388,0
RUA 6,5,2,1,B,56672,0
RUA 6,5,2,1,C,56674,0
RUA 6,5,2,1,D,89715,0
RUA 6,5,2,1,E,,0
RUA 6,5,2,2,A,56557,0
RUA 6,5,2,2,B,93274,0
RUA 6,5,2,2,C,58135,0
RUA 6,5,2,2,D,57476,0
RUA 6,5,2,2,E,58948,0
RUA 6,5,2,3,A,58640,0
RUA 6,5,2,3,B,57833,0
RUA 6,5,2,3,C,57829,0
RUA 6,5,2,3,D,58633,0
RUA 6,5,2,3,E,,0
RUA 6,5,2,4,A,57235,0
RUA 6,5,2,4,B,57832,0
RUA 6,5,2,4,C,57491,0
RUA 6,5,2,4,D,58641,0
RUA 6,5,2,4,E,,0
RUA 6,5,2,5,A,55444,0
RUA 6,5,2,5,B,55472,0
RUA 6,5,2,5,C,55476,0
RUA 6,5,2,5,D,58187,0
RUA 6,5,2,5,E,,0
RUA 6,5,2,6,A,55475,0
RUA 6,5,2,6,B,55473,0
RUA 6,5,2,6,C,55474,0
RUA 6,5,2,6,D,58639,0
RUA 6,5,2,6,E,,0
RUA 6,6,2,1,A,,0
RUA 6,6,2,1,B,,0
RUA 6,6,2,1,C,,0
RUA 6,6,2,1,D,,0
RUA 6,6,2,1,E,,0
RUA 6,6,2,2,A,,0
RUA 6,6,2,2,B,,0
RUA 6,6,2,2,C,,0
RUA 6,6,2,2,D,,0
RUA 6,6,2,2,E,,0
RUA 6,6,2,3,A,,0
RUA 6,6,2,3,B,,0
RUA 6,6,2,3,C,,0
RUA 6,6,2,3,D,,0
RUA 6,6,2,3,E,,0
RUA 6,6,2,4,A,,0
RUA 6,6,2,4,B,,0
RUA 6,6,2,4,C,,0
RUA 6,6,2,4,D,,0
RUA 6,6,2,4,E,,0
RUA 6,6,2,5,A,,0
RUA 6,6,2,5,B,,0
RUA 6,6,2,5,C,,0
RUA 6,6,2,5,D,,0
RUA 6,6,2,5,E,,0
RUA 6,6,2,6,A,,0
RUA 6,6,2,6,B,,0
RUA 6,6,2,6,C,,0
RUA 6,6,2,6,D,,0
RUA 6,6,2,6,E,,0
RUA 6,7,2,1,A,,0
RUA 6,7,2,1,B,,0
RUA 6,7,2,1,C,,0
RUA 6,7,2,1,D,,0
RUA 6,7,2,1,E,,0
RUA 6,7,2,2,A,,0
RUA 6,7,2,2,B,,0
RUA 6,7,2,2,C,,0
RUA 6,7,2,2,D,,0
RUA 6,7,2,2,E,,0
RUA 6,7,2,3,A,,0
RUA 6,7,2,3,B,,0
RUA 6,7,2,3,C,,0
RUA 6,7,2,3,D,,0
RUA 6,7,2,3,E,,0
RUA 6,7,2,4,A,,0
RUA 6,7,2,4,B,,0
RUA 6,7,2,4,C,,0
RUA 6,7,2,4,D,,0
RUA 6,7,2,4,E,,0
RUA 6,7,2,5,A,,0
RUA 6,7,2,5,B,,0
RUA 6,7,2,5,C,,0
RUA 6,7,2,5,D,,0
RUA 6,7,2,5,E,,0
RUA 6,7,2,6,A,,0
RUA 6,7,2,6,B,,0
RUA 6,7,2,6,C,,0
RUA 6,7,2,6,D,,0
RUA 6,7,2,6,E,,0
RUA 6,8,2,1,A,,0
RUA 6,8,2,1,B,,0
RUA 6,8,2,1,C,,0
RUA 6,8,2,1,D,,0
RUA 6,8,2,1,E,,0
RUA 6,8,2,2,A,,0
RUA 6,8,2,2,B,,0
RUA 6,8,2,2,C,,0
RUA 6,8,2,2,D,,0
RUA 6,8,2,2,E,,0
RUA 6,8,2,3,A,,0
RUA 6,8,2,3,B,,0
RUA 6,8,2,3,C,,0
RUA 6,8,2,3,D,,0
RUA 6,8,2,3,E,,0
RUA 6,8,2,4,A,,0
RUA 6,8,2,4,B,,0
RUA 6,8,2,4,C,,0
RUA 6,8,2,4,D,,0
RUA 6,8,2,4,E,,0
RUA 6,8,2,5,A,,0
RUA 6,8,2,5,B,,0
RUA 6,8,2,5,C,,0
RUA 6,8,2,5,D,,0
RUA 6,8,2,5,E,,0
RUA 6,8,2,6,A,,0
RUA 6,8,2,6,B,,0
RUA 6,8,2,6,C,,0
RUA 6,8,2,6,D,,0
RUA 6,8,2,6,E,,0
RUA 6,9,2,1,A,,0
RUA 6,9,2,1,B,,0
RUA 6,9,2,1,C,,0
RUA 6,9,2,1,D,,0
RUA 6,9,2,1,E,,0
RUA 6,9,2,2,A,,0
RUA 6,9,2,2,B,,0
RUA 6,9,2,2,C,,0
RUA 6,9,2,2,D,,0
RUA 6,9,2,2,E,,0
RUA 6,9,2,3,A,,0
RUA 6,9,2,3,B,,0
RUA 6,9,2,3,C,,0
RUA 6,9,2,3,D,,0
RUA 6,9,2,3,E,,0
RUA 6,9,2,4,A,,0
RUA 6,9,2,4,B,,0
RUA 6,9,2,4,C,,0
RUA 6,9,2,4,D,,0
RUA 6,9,2,4,E,,0
RUA 6,9,2,5,A,,0
RUA 6,9,2,5,B,,0
RUA 6,9,2,5,C,,0
RUA 6,9,2,5,D,,0
RUA 6,9,2,5,E,,0
RUA 6,9,2,6,A,,0
RUA 6,9,2,6,B,,0
RUA 6,9,2,6,C,,0
RUA 6,9,2,6,D,,0
RUA 6,9,2,6,E,,0
RUA 6,10,2,1,A,,0
RUA 6,10,2,1,B,,0
RUA 6,10,2,1,C,,0
RUA 6,10,2,1,D,,0
RUA 6,10,2,1,E,,0
RUA 6,10,2,2,A,,0
RUA 6,10,2,2,B,,0
RUA 6,10,2,2,C,,0
RUA 6,10,2,2,D,,0
RUA 6,10,2,2,E,,0
RUA 6,10,2,3,A,,0
RUA 6,10,2,3,B,,0
RUA 6,10,2,3,C,,0
RUA 6,10,2,3,D,,0
RUA 6,10,2,3,E,,0
RUA 6,10,2,4,A,,0
RUA 6,10,2,4,B,,0
RUA 6,10,2,4,C,,0
RUA 6,10,2,4,D,,0
RUA 6,10,2,4,E,,0
RUA 6,10,2,5,A,,0
RUA 6,10,2,5,B,,0
RUA 6,10,2,5,C,,0
RUA 6,10,2,5,D,,0
RUA 6,10,2,5,E,,0
RUA 6,10,2,6,A,,0
RUA 6,10,2,6,B,,0
RUA 6,10,2,6,C,,0
RUA 6,10,2,6,D,,0
RUA 6,10,2,6,E,,0
RUA 2A,1,2,1,A,88750,0
RUA 2A,1,2,1,B,86895,0
RUA 2A,1,2,1,C,87151,0
RUA 2A,1,2,1,D,52167,0
RUA 2A,1,2,1,E,,0
RUA 2A,1,2,2,A,58123,0
RUA 2A,1,2,2,B,86902,0
RUA 2A,1,2,2,C,58980,0
RUA 2A,1,2,2,D,94051,0
RUA 2A,1,2,2,E,,0
RUA 2A,1,2,3,A,53422,0
RUA 2A,1,2,3,B,58275,0
RUA 2A,1,2,3,C,87108,0
RUA 2A,1,2,3,D,86948,0
RUA 2A,1,2,3,E,59834,0
RUA 2A,1,2,4,A,56028,0
RUA 2A,1,2,4,B,57750,0
RUA 2A,1,2,4,C,86952,0
RUA 2A,1,2,4,D,88911,0
RUA 2A,1,2,4,E,,0
RUA 2A,1,2,5,A,56000,0
RUA 2A,1,2,5,B,88687,0
RUA 2A,1,2,5,C,59957,0
RUA 2A,1,2,5,D,59065,0
RUA 2A,1,2,5,E,,0
RUA 2A,1,2,6,A,49931,0
RUA 2A,1,2,6,B,59012,0
RUA 2A,1,2,6,C,87951,0
RUA 2A,1,2,6,D,57882,0
RUA 2A,1,2,6,E,,0
RUA 0,1,2,1,A,86095,0
RUA 0,1,2,1,B,57598,0
RUA 0,1,2,1,C,56408,0
RUA 0,1,2,1,D,59013,0
RUA 0,1,2,1,E,83083,0
RUA 0,1,2,1,F,93752,0
RUA 0,1,2,1,G,50290,0
RUA 0,1,2,1,H,77219,0
RUA 0,1,2,1,I,30201,0
RUA 0,1,2,1,J,59059,0
RUA 0,1,2,1,K,52946,0
RUA 0,1,2,1,L,,0
RUA 0,1,2,2,A,57551,0
RUA 0,1,2,2,B,51791,0
RUA 0,1,2,2,C,59467,0
RUA 0,1,2,2,D,58847,0
RUA 0,1,2,2,E,87381,0
RUA 0,1,2,2,F,94109,0
RUA 0,1,2,2,G,59498,0
RUA 0,1,2,2,H,56995,0
RUA 0,1,2,2,I,55358,0
RUA 0,1,2,2,J,54461,0
RUA 0,1,2,2,K,58924,0
RUA 0,1,2,2,L,,0
RUA 0,1,2,3,A,50056,0
RUA 0,1,2,3,B,58934,0
RUA 0,1,2,3,C,94108,0
RUA 0,1,2,3,D,73217,0
RUA 0,1,2,3,E,52301,0
RUA 0,1,2,3,F,49682,0
RUA 0,1,2,3,G,90893,0
RUA 0,1,2,3,H,59307,0
RUA 0,1,2,3,I,,0
RUA 0,1,2,3,J,57879,0
RUA 0,1,2,3,K,54153,0
RUA 0,1,2,3,L,,0
RUA 0,1,2,4,A,57303,0
RUA 0,1,2,4,B,94114,0
RUA 0,1,2,4,C,94997,0
RUA 0,1,2,4,D,55658,0
RUA 0,1,2,4,E,53971,0
RUA 0,1,2,4,F,55673,0
RUA 0,1,2,4,G,85922,0
RUA 0,1,2,4,H,49157,0
RUA 0,1,2,4,I,55847,0
RUA 0,1,2,4,J,54152,0
RUA 0,1,2,4,K,58277,0
RUA 0,1,2,4,L,,0
RUA 0,1,2,5,A,58682,0
RUA 0,1,2,5,B,48127,0
RUA 0,1,2,5,C,56490,0
RUA 0,1,2,5,D,83096,0
RUA 0,1,2,5,E,84321,0
RUA 0,1,2,5,F,51944,0
RUA 0,1,2,5,G,59499,0
RUA 0,1,2,5,H,58114,0
RUA 0,1,2,5,I,57903,0
RUA 0,1,2,5,J,49156,0
RUA 0,1,2,5,K,,0
RUA 0,1,2,5,L,,0
RUA 0,1,2,6,A,50113,0
RUA 0,1,2,6,B,58136,0
RUA 0,1,2,6,C,93223,0
RUA 0,1,2,6,D,49978,0
RUA 0,1,2,6,E,55608,0
RUA 0,1,2,6,F,51399,0
RUA 0,1,2,6,G,59500,0
RUA 0,1,2,6,H,59196,0
RUA 0,1,2,6,I,,0
RUA 0,1,2,6,J,52896,0
RUA 0,1,2,6,K,50707,0
RUA 0,1,2,6,L,,0
RUA 0,1,2,7,A,49510,0
RUA 0,1,2,7,B,47406,0
RUA 0,1,2,7,C,51433,0
RUA 0,1,2,7,D,50123,0
RUA 0,1,2,7,E,56407,0
RUA 0,1,2,7,F,86897,0
RUA 0,1,2,7,G,86160,0
RUA 0,1,2,7,H,53967,0
RUA 0,1,2,7,I,88971,0
RUA 0,1,2,7,J,55374,0
RUA 0,1,2,7,K,85921,0
RUA 0,1,2,7,L,,0
RUA 0,1,2,8,A,53456,0
RUA 0,1,2,8,B,82081,0
RUA 0,1,2,8,C,94998,0
RUA 0,1,2,8,D,59309,0
RUA 0,1,2,8,E,49054,0
RUA 0,1,2,8,F,54660,0
RUA 0,1,2,8,G,59496,0
RUA 0,1,2,8,H,94110,0
RUA 0,1,2,8,I,50447,0
RUA 0,1,2,8,J,58533,0
RUA 0,1,2,8,K,58508,0
RUA 0,1,2,8,L,,0
RUA 0,1,2,9,A,49582,0
RUA 0,1,2,9,B,82078,0
RUA 0,1,2,9,C,47413,0
RUA 0,1,2,9,D,56406,0
RUA 0,1,2,9,E,55364,0
RUA 0,1,2,9,F,54665,0
RUA 0,1,2,9,G,85923,0
RUA 0,1,2,9,H,87845,0
RUA 0,1,2,9,I,,0
RUA 0,1,2,9,J,85069,0
RUA 0,1,2,9,K,58313,0
RUA 0,1,2,9,L,59358,0
RUA 0,1,2,10,A,86904,0
RUA 0,1,2,10,B,58731,0
RUA 0,1,2,10,C,85653,0
RUA 0,1,2,10,D,59557,0
RUA 0,1,2,10,E,55609,0
RUA 0,1,2,10,F,52030,0
RUA 0,1,2,10,G,,0
RUA 0,1,2,10,H,,0
RUA 0,1,2,10,I,86724,0
RUA 0,1,2,10,J,89661,0
RUA 0,1,2,10,K,86994,0
RUA 0,1,2,10,L,,0
RUA 0,1,2,11,A,49806,0
RUA 0,1,2,11,B,56420,0
RUA 0,1,2,11,C,49539,0
RUA 0,1,2,11,D,52754,0
RUA 0,1,2,11,E,51938,0
RUA 0,1,2,11,F,50279,0
RUA 0,1,2,11,G,48298,0
RUA 0,1,2,11,H,88137,0
RUA 0,1,2,11,I,85646,0
RUA 0,1,2,11,J,,0
RUA 0,1,2,11,K,,0
RUA 0,1,2,11,L,,0
RUA 0,1,2,12,A,54192,0
RUA 0,1,2,12,B,93560,0
RUA 0,1,2,12,C,89768,0
RUA 0,1,2,12,D,95013,0
RUA 0,1,2,12,E,49228,0
RUA 0,1,2,12,F,50285,0
RUA 0,1,2,12,G,50930,0
RUA 0,1,2,12,H,83785,0
RUA 0,1,2,12,I,85647,0
RUA 0,1,2,12,J,,0
RUA 0,1,2,12,K,,0
RUA 0,1,2,12,L,,0
RUA 0,1,2,13,A,83784,0
RUA 0,1,2,13,B,53137,0
RUA 0,1,2,13,C,58216,0
RUA 0,1,2,13,D,49225,0
RUA 0,1,2,13,E,07233,0
RUA 0,1,2,13,F,50286,0
RUA 0,1,2,13,G,,0
RUA 0,1,2,13,H,55559,0
RUA 0,1,2,13,I,59685,0
RUA 0,1,2,13,J,,0
RUA 0,1,2,13,K,,0
RUA 0,1,2,13,L,,0
RUA 0,1,2,14,A,50124,0
RUA 0,1,2,14,B,01005,0
RUA 0,1,2,14,C,49498,0
RUA 0,1,2,14,D,54280,0
RUA 0,1,2,14,E,51707,0
RUA 0,1,2,14,F,56058,0
RUA 0,1,2,14,G,52410,0
RUA 0,1,2,14,H,56692,0
RUA 0,1,2,14,I,83901,0
RUA 0,1,2,14,J,,0
RUA 0,1,2,14,K,,0
RUA 0,1,2,14,L,,0
RUA 0,1,2,15,A,51876,0
RUA 0,1,2,15,B,85055,0
RUA 0,1,2,15,C,48636,0
RUA 0,1,2,15,D,58687,0
RUA 0,1,2,15,E,85924,0
RUA 0,1,2,15,F,55483,0
RUA 0,1,2,15,G,49055,0
RUA 0,1,2,15,H,54885,0
RUA 0,1,2,15,I,86985,0
RUA 0,1,2,15,J,,0
RUA 0,1,2,15,K,,0
RUA 0,1,2,15,L,,0
RUA 2A,2,2,1,A,53490,0
RUA 2A,2,2,1,B,89451,0
RUA 2A,2,2,1,C,86429,0
RUA 2A,2,2,1,D,87272,0
RUA 2A,2,2,1,E,,0
RUA 2A,2,2,2,A,93729,0
RUA 2A,2,2,2,B,95619,0
RUA 2A,2,2,2,C,85452,0
RUA 2A,2,2,2,D,55488,0
RUA 2A,2,2,2,E,,0
RUA 2A,2,2,3,A,58984,0
RUA 2A,2,2,3,B,58985,0
RUA 2A,2,2,3,C,58987,0
RUA 2A,2,2,3,D,58978,0
RUA 2A,2,2,3,E,,0
RUA 2A,2,2,4,A,75771,0
RUA 2A,2,2,4,B,58716,0
RUA 2A,2,2,4,C,55253,0
RUA 2A,2,2,4,D,51214,0
RUA 2A,2,2,4,E,,0
RUA 2A,2,2,5,A,46442;49490;56666;56579;57640;56839;87351;87307,0
RUA 2A,2,2,5,B,59070,0
RUA 2A,2,2,5,C,85935,0
RUA 2A,2,2,5,D,86950,0
RUA 2A,2,2,5,E,,0
RUA 2A,2,2,6,A,55766,0
RUA 2A,2,2,6,B,86501,0
RUA 2A,2,2,6,C,54170,0
RUA 2A,2,2,6,D,52591,0
RUA 2A,2,2,6,E,,0
RUA 2A,3,2,1,A,51442,0
RUA 2A,3,2,1,B,88889,0
RUA 2A,3,2,1,C,87938,0
RUA 2A,3,2,1,D,86092,0
RUA 2A,3,2,1,E,,0
RUA 2A,3,2,2,A,07378;56198,0
RUA 2A,3,2,2,B,85756,0
RUA 2A,3,2,2,C,90609,0
RUA 2A,3,2,2,D,87556,0
RUA 2A,3,2,2,E,,0
RUA 2A,3,2,3,A,83615,0
RUA 2A,3,2,3,B,85285,0
RUA 2A,3,2,3,C,58989,0
RUA 2A,3,2,3,D,88699,0
RUA 2A,3,2,3,E,,0
RUA 2A,3,2,4,A,53917,0
RUA 2A,3,2,4,B,71286,0
RUA 2A,3,2,4,C,85259,0
RUA 2A,3,2,4,D,87068,0
RUA 2A,3,2,4,E,,0
RUA 2A,3,2,5,A,01073;1073,0
RUA 2A,3,2,5,B,48634,0
RUA 2A,3,2,5,C,55807,0
RUA 2A,3,2,5,D,74212,0
RUA 2A,3,2,5,E,,0
RUA 2A,3,2,6,A,56763,0
RUA 2A,3,2,6,B,58845,0
RUA 2A,3,2,6,C,51890,0
RUA 2A,3,2,6,D,90957,0
RUA 2A,3,2,6,E,,0
RUA 2A,4,2,1,A,58307,0
RUA 2A,4,2,1,B,58308,0
RUA 2A,4,2,1,C,57043,0
RUA 2A,4,2,1,D,49878,0
RUA 2A,4,2,1,E,,0
RUA 2A,4,2,2,A,58138,0
RUA 2A,4,2,2,B,84688,0
RUA 2A,4,2,2,C,57042,0
RUA 2A,4,2,2,D,89658,0
RUA 2A,4,2,2,E,,0
RUA 2A,4,2,3,A,56690,0
RUA 2A,4,2,3,B,86336,0
RUA 2A,4,2,3,C,56687,0
RUA 2A,4,2,3,D,89660,0
RUA 2A,4,2,3,E,,0
RUA 2A,4,2,4,A,52166,0
RUA 2A,4,2,4,B,89682,0
RUA 2A,4,2,4,C,84654,0
RUA 2A,4,2,4,D,90219,0
RUA 2A,4,2,4,E,,0
RUA 2A,4,2,5,A,56688,0
RUA 2A,4,2,5,B,89683,0
RUA 2A,4,2,5,C,58311,0
RUA 2A,4,2,5,D,89662,0
RUA 2A,4,2,5,E,58312,0
RUA 2A,4,2,6,A,84690,0
RUA 2A,4,2,6,B,58310,0
RUA 2A,4,2,6,C,76756,0
RUA 2A,4,2,6,D,90998,0
RUA 2A,4,2,6,E,,0
RUA 2A,5,2,1,A,86868,0
RUA 2A,5,2,1,B,86870,0
RUA 2A,5,2,1,C,83624,0
RUA 2A,5,2,1,D,87020,0
RUA 2A,5,2,1,E,,0
RUA 2A,5,2,2,A,85936,0
RUA 2A,5,2,2,B,56526,0
RUA 2A,5,2,2,C,87353,0
RUA 2A,5,2,2,D,87019,0
RUA 2A,5,2,2,E,,0
RUA 2A,5,2,3,A,58237,0
RUA 2A,5,2,3,B,56527,0
RUA 2A,5,2,3,C,58238,0
RUA 2A,5,2,3,D,58239,0
RUA 2A,5,2,3,E,,0
RUA 2A,5,2,4,A,48485,0
RUA 2A,5,2,4,B,58342,0
RUA 2A,5,2,4,C,57046,0
RUA 2A,5,2,4,D,58236,0
RUA 2A,5,2,4,E,,0
RUA 2A,5,2,5,A,47411,0
RUA 2A,5,2,5,B,94401,0
RUA 2A,5,2,5,C,53141,0
RUA 2A,5,2,5,D,64136,0
RUA 2A,5,2,5,E,,0
RUA 2A,5,2,6,A,47596,0
RUA 2A,5,2,6,B,01648,0
RUA 2A,5,2,6,C,58363,0
RUA 2A,5,2,6,D,57492,0
RUA 2A,5,2,6,E,,0
RUA 2A,6,2,1,A,88023,0
RUA 2A,6,2,1,B,58159,0
RUA 2A,6,2,1,C,85584,0
RUA 2A,6,2,1,D,56152,0
RUA 2A,6,2,1,E,,0
RUA 2A,6,2,2,A,48508,0
RUA 2A,6,2,2,B,88340,0
RUA 2A,6,2,2,C,86369,0
RUA 2A,6,2,2,D,,0
RUA 2A,6,2,2,E,,0
RUA 2A,6,2,3,A,86505,0
RUA 2A,6,2,3,B,85306,0
RUA 2A,6,2,3,C,59823,0
RUA 2A,6,2,3,D,,0
RUA 2A,6,2,3,E,,0
RUA 2A,6,2,4,A,75082,0
RUA 2A,6,2,4,B,86504,0
RUA 2A,6,2,4,C,59830,0
RUA 2A,6,2,4,D,,0
RUA 2A,6,2,4,E,,0
RUA 2A,6,2,5,A,57077,0
RUA 2A,6,2,5,B,58231,0
RUA 2A,6,2,5,C,59824,0
RUA 2A,6,2,5,D,,0
RUA 2A,6,2,5,E,,0
RUA 2A,6,2,6,A,58601,0
RUA 2A,6,2,6,B,58229,0
RUA 2A,6,2,6,C,59829,0
RUA 2A,6,2,6,D,,0
RUA 2A,6,2,6,E,,0
RUA 2A,7,2,1,A,53951;56680;56583;56837;88467,0
RUA 2A,7,2,1,B,58204,0
RUA 2A,7,2,1,C,85955,0
RUA 2A,7,2,1,D,,0
RUA 2A,7,2,1,E,,0
RUA 2A,7,2,2,A,88335,0
RUA 2A,7,2,2,B,58206,0
RUA 2A,7,2,2,C,86974,0
RUA 2A,7,2,2,D,N,0
RUA 2A,7,2,2,E,,0
RUA 2A,7,2,3,A,58122,0
RUA 2A,7,2,3,B,58208,0
RUA 2A,7,2,3,C,86973,0
RUA 2A,7,2,3,D,,0
RUA 2A,7,2,3,E,,0
RUA 2A,7,2,4,A,58121,0
RUA 2A,7,2,4,B,58201,0
RUA 2A,7,2,4,C,58132,0
RUA 2A,7,2,4,D,,0
RUA 2A,7,2,4,E,,0
RUA 2A,7,2,5,A,58119,0
RUA 2A,7,2,5,B,55366,0
RUA 2A,7,2,5,C,87064,0
RUA 2A,7,2,5,D,,0
RUA 2A,7,2,5,E,,0
RUA 2A,7,2,6,A,58120,0
RUA 2A,7,2,6,B,85755,0
RUA 2A,7,2,6,C,87224,0
RUA 2A,7,2,6,D,59875,0
RUA 2A,7,2,6,E,,0
RUA 2A,8,2,1,A,53652,0
RUA 2A,8,2,1,B,53653,0
RUA 2A,8,2,1,C,59481,0
RUA 2A,8,2,1,D,,0
RUA 2A,8,2,1,E,,0
RUA 2A,8,2,2,A,90822,0
RUA 2A,8,2,2,B,90823,0
RUA 2A,8,2,2,C,94966,0
RUA 2A,8,2,2,D,,0
RUA 2A,8,2,2,E,,0
RUA 2A,8,2,3,A,87315,0
RUA 2A,8,2,3,B,59837,0
RUA 2A,8,2,3,C,90141,0
RUA 2A,8,2,3,D,,0
RUA 2A,8,2,3,E,,0
RUA 2A,8,2,4,A,88646,0
RUA 2A,8,2,4,B,,0
RUA 2A,8,2,4,C,59838,0
RUA 2A,8,2,4,D,,0
RUA 2A,8,2,4,E,,0
RUA 2A,8,2,5,A,88311,0
RUA 2A,8,2,5,B,84682,0
RUA 2A,8,2,5,C,86977,0
RUA 2A,8,2,5,D,87309,0
RUA 2A,8,2,5,E,,0
RUA 2A,8,2,6,A,88310,0
RUA 2A,8,2,6,B,59485,0
RUA 2A,8,2,6,C,86975,0
RUA 2A,8,2,6,D,,0
RUA 2A,8,2,6,E,,0
RUA 2A,9,2,1,A,85947,0
RUA 2A,9,2,1,B,96397,0
RUA 2A,9,2,1,C,57830,0
RUA 2A,9,2,1,D,,0
RUA 2A,9,2,1,E,,0
RUA 2A,9,2,2,A,86983,0
RUA 2A,9,2,2,B,89642,0
RUA 2A,9,2,2,C,57761,0
RUA 2A,9,2,2,D,,0
RUA 2A,9,2,2,E,,0
RUA 2A,9,2,3,A,85606,0
RUA 2A,9,2,3,B,86094,0
RUA 2A,9,2,3,C,57763,0
RUA 2A,9,2,3,D,,0
RUA 2A,9,2,3,E,,0
RUA 2A,9,2,4,A,84452,0
RUA 2A,9,2,4,B,56462,0
RUA 2A,9,2,4,C,57758,0
RUA 2A,9,2,4,D,,0
RUA 2A,9,2,4,E,,0
RUA 2A,9,2,5,A,87066,0
RUA 2A,9,2,5,B,56463,0
RUA 2A,9,2,5,C,57749,0
RUA 2A,9,2,5,D,,0
RUA 2A,9,2,5,E,,0
RUA 2A,9,2,6,A,87067,0
RUA 2A,9,2,6,B,87070,0
RUA 2A,9,2,6,C,57764,0
RUA 2A,9,2,6,D,,0
RUA 2A,9,2,6,E,,0
RUA 2A,10,2,1,A,87321,0
RUA 2A,10,2,1,B,49944,0
RUA 2A,10,2,1,C,89366,0
RUA 2A,10,2,1,D,,0
RUA 2A,10,2,1,E,,0
RUA 2A,10,2,2,A,56459,0
RUA 2A,10,2,2,B,87443,0
RUA 2A,10,2,2,C,91000,0
RUA 2A,10,2,2,D,,0
RUA 2A,10,2,2,E,,0
RUA 2A,10,2,3,A,50010,0
RUA 2A,10,2,3,B,85920,0
RUA 2A,10,2,3,C,85420,0
RUA 2A,10,2,3,D,,0
RUA 2A,10,2,3,E,,0
RUA 2A,10,2,4,A,56458,0
RUA 2A,10,2,4,B,94969,0
RUA 2A,10,2,4,C,55296,0
RUA 2A,10,2,4,D,,0
RUA 2A,10,2,4,E,,0
RUA 2A,10,2,5,A,50012,0
RUA 2A,10,2,5,B,87327,0
RUA 2A,10,2,5,C,55295,0
RUA 2A,10,2,5,D,,0
RUA 2A,10,2,5,E,,0
RUA 2A,10,2,6,A,88748,0
RUA 2A,10,2,6,B,50014,0
RUA 2A,10,2,6,C,85424,0
RUA 2A,10,2,6,D,84206,0
RUA 2A,10,2,6,E,,0
RUA 0,2,2,1,A,58061,0
RUA 0,2,2,1,B,86399,0
RUA 0,2,2,1,C,95012,0
RUA 0,2,2,1,D,,0
RUA 0,2,2,1,E,,0
RUA 0,2,2,2,A,87140,0
RUA 0,2,2,2,B,,0
RUA 0,2,2,2,C,,0
RUA 0,2,2,2,D,82961,0
RUA 0,2,2,2,E,,0
RUA 0,2,2,3,A,59438,0
RUA 0,2,2,3,B,86398,0
RUA 0,2,2,3,C,86329,0
RUA 0,2,2,3,D,,0
RUA 0,2,2,3,E,,0
RUA 0,2,2,4,A,,0
RUA 0,2,2,4,B,,0
RUA 0,2,2,4,C,,0
RUA 0,2,2,4,D,85481,0
RUA 0,2,2,4,E,,0
RUA 0,2,2,5,A,86260,0
RUA 0,2,2,5,B,,0
RUA 0,2,2,5,C,,0
RUA 0,2,2,5,D,,0
RUA 0,2,2,5,E,,0
RUA 0,2,2,6,A,59550,0
RUA 0,2,2,6,B,86330,0
RUA 0,2,2,6,C,56634,0
RUA 0,2,2,6,D,86144,0
RUA 0,2,2,6,E,,0
RUA 0,2,2,7,A,,0
RUA 0,2,2,7,B,86318,0
RUA 0,2,2,7,C,,0
RUA 0,2,2,7,D,,0
RUA 0,2,2,7,E,,0
RUA 0,2,2,8,A,55170,0
RUA 0,2,2,8,B,,0
RUA 0,2,2,8,C,56633,0
RUA 0,2,2,8,D,85056,0
RUA 0,2,2,8,E,,0
RUA 0,2,2,9,A,,0
RUA 0,2,2,9,B,58717,0
RUA 0,2,2,9,C,,0
RUA 0,2,2,9,D,,0
RUA 0,2,2,9,E,,0
RUA 0,2,2,10,A,,0
RUA 0,2,2,10,B,52014,0
RUA 0,2,2,10,C,,0
RUA 0,2,2,10,D,,0
RUA 0,2,2,10,E,,0
RUA 0,2,2,11,A,,0
RUA 0,2,2,11,B,,0
RUA 0,2,2,11,C,,0
RUA 0,2,2,11,D,82962,0
RUA 0,2,2,11,E,,0
RUA 0,2,2,12,A,,0
RUA 0,2,2,12,B,52006,0
RUA 0,2,2,12,C,,0
RUA 0,2,2,12,D,,0
RUA 0,2,2,12,E,,0
RUA 0,2,2,13,A,,0
RUA 0,2,2,13,B,,0
RUA 0,2,2,13,C,82964,0
RUA 0,2,2,13,D,79366,0
RUA 0,2,2,13,E,,0
RUA 0,2,2,14,A,,0
RUA 0,2,2,14,B,51788,0
RUA 0,2,2,14,C,,0
RUA 0,2,2,14,D,,0
RUA 0,2,2,14,E,,0
RUA 0,3,2,1,A,,0
RUA 0,3,2,1,B,96199,0
RUA 0,3,2,1,C,,0
RUA 0,3,2,1,D,,0
RUA 0,3,2,1,E,,0
RUA 0,3,2,2,A,,0
RUA 0,3,2,2,B,89025,0
RUA 0,3,2,2,C,,0
RUA 0,3,2,2,D,,0
RUA 0,3,2,2,E,,0
RUA 0,3,2,3,A,,0
RUA 0,3,2,3,B,48373,0
RUA 0,3,2,3,C,53139,0
RUA 0,3,2,3,D,,0
RUA 0,3,2,3,E,,0
RUA 0,3,2,4,A,,0
RUA 0,3,2,4,B,58068,0
RUA 0,3,2,4,C,,0
RUA 0,3,2,4,D,,0
RUA 0,3,2,4,E,,0
RUA 0,3,2,5,A,,0
RUA 0,3,2,5,B,,0
RUA 0,3,2,5,C,,0
RUA 0,3,2,5,D,,0
RUA 0,3,2,5,E,,0
RUA 0,3,2,6,A,,0
RUA 0,3,2,6,B,,0
RUA 0,3,2,6,C,,0
RUA 0,3,2,6,D,,0
RUA 0,3,2,6,E,,0
RUA 0,3,2,7,A,,0
RUA 0,3,2,7,B,,0
RUA 0,3,2,7,C,,0
RUA 0,3,2,7,D,,0
RUA 0,3,2,7,E,,0
RUA 0,3,2,8,A,,0
RUA 0,3,2,8,B,,0
RUA 0,3,2,8,C,,0
RUA 0,3,2,8,D,,0
RUA 0,3,2,8,E,,0
RUA 0,3,2,9,A,,0
RUA 0,3,2,9,B,,0
RUA 0,3,2,9,C,,0
RUA 0,3,2,9,D,,0
RUA 0,3,2,9,E,,0
RUA 0,3,2,10,A,,0
RUA 0,3,2,10,B,,0
RUA 0,3,2,10,C,,0
RUA 0,3,2,10,D,,0
RUA 0,3,2,10,E,,0
RUA 0,3,2,11,A,,0
RUA 0,3,2,11,B,,0
RUA 0,3,2,11,C,,0
RUA 0,3,2,11,D,,0
RUA 0,3,2,11,E,,0
RUA 0,3,2,12,A,,0
RUA 0,3,2,12,B,,0
RUA 0,3,2,12,C,,0
RUA 0,3,2,12,D,,0
RUA 0,3,2,12,E,,0
RUA 0,3,2,13,A,,0
RUA 0,3,2,13,B,,0
RUA 0,3,2,13,C,,0
RUA 0,3,2,13,D,,0
RUA 0,3,2,13,E,,0
RUA 0,3,2,14,A,,0
RUA 0,3,2,14,B,,0
RUA 0,3,2,14,C,,0
RUA 0,3,2,14,D,,0
RUA 0,3,2,14,E,,0
RUA 0,4,2,1,A,88717,0
RUA 0,4,2,1,B,85655,0
RUA 0,4,2,1,C,54916,0
RUA 0,4,2,1,D,43352;43932;43939;43955;43956;43951;44851;49917,0
RUA 0,4,2,1,E,,0
RUA 0,4,2,2,A,81327,0
RUA 0,4,2,2,B,85656,0
RUA 0,4,2,2,C,55300,0
RUA 0,4,2,2,D,,0
RUA 0,4,2,2,E,,0
RUA 0,4,2,3,A,87144,0
RUA 0,4,2,3,B,,0
RUA 0,4,2,3,C,88139,0
RUA 0,4,2,3,D,89428,0
RUA 0,4,2,3,E,,0
RUA 0,4,2,4,A,85902,0
RUA 0,4,2,4,B,,0
RUA 0,4,2,4,C,,0
RUA 0,4,2,4,D,,0
RUA 0,4,2,4,E,,0
RUA 0,4,2,5,A,51537,0
RUA 0,4,2,5,B,89772,0
RUA 0,4,2,5,C,88897,0
RUA 0,4,2,5,D,,0
RUA 0,4,2,5,E,,0
RUA 0,4,2,6,A,55299,0
RUA 0,4,2,6,B,,0
RUA 0,4,2,6,C,,0
RUA 0,4,2,6,D,,0
RUA 0,4,2,6,E,,0
RUA 0,4,2,7,A,,0
RUA 0,4,2,7,B,,0
RUA 0,4,2,7,C,,0
RUA 0,4,2,7,D,,0
RUA 0,4,2,7,E,,0
RUA 0,4,2,8,A,,0
RUA 0,4,2,8,B,,0
RUA 0,4,2,8,C,,0
RUA 0,4,2,8,D,,0
RUA 0,4,2,8,E,,0
RUA 0,4,2,9,A,,0
RUA 0,4,2,9,B,,0
RUA 0,4,2,9,C,,0
RUA 0,4,2,9,D,,0
RUA 0,4,2,9,E,,0
RUA 0,4,2,10,A,,0
RUA 0,4,2,10,B,,0
RUA 0,4,2,10,C,,0
RUA 0,4,2,10,D,,0
RUA 0,4,2,10,E,,0
RUA 0,4,2,11,A,,0
RUA 0,4,2,11,B,,0
RUA 0,4,2,11,C,,0
RUA 0,4,2,11,D,,0
RUA 0,4,2,11,E,,0
RUA 0,4,2,12,A,,0
RUA 0,4,2,12,B,,0
RUA 0,4,2,12,C,,0
RUA 0,4,2,12,D,,0
RUA 0,4,2,12,E,,0
RUA 0,4,2,13,A,,0
RUA 0,4,2,13,B,,0
RUA 0,4,2,13,C,,0
RUA 0,4,2,13,D,,0
RUA 0,4,2,13,E,,0
RUA 0,4,2,14,A,,0
RUA 0,4,2,14,B,,0
RUA 0,4,2,14,C,,0
RUA 0,4,2,14,D,,0
RUA 0,4,2,14,E,,0
RUA 0,5,2,1,A,57610,0
RUA 0,5,2,1,B,54624,0
RUA 0,5,2,1,C,78609,0
RUA 0,5,2,1,D,03402,0
RUA 0,5,2,1,E,,0
RUA 0,5,2,1,F,46885,0
RUA 0,5,2,2,A,46890,0
RUA 0,5,2,2,B,86446,0
RUA 0,5,2,2,C,85710,0
RUA 0,5,2,2,D,03517,0
RUA 0,5,2,2,E,57653,0
RUA 0,5,2,2,F,,0
RUA 0,5,2,3,A,46891,0
RUA 0,5,2,3,B,30186,0
RUA 0,5,2,3,C,46886,0
RUA 0,5,2,3,D,03542,0
RUA 0,5,2,3,E,,0
RUA 0,5,2,3,F,59615,0
RUA 0,5,2,4,A,59628,0
RUA 0,5,2,4,B,54813,0
RUA 0,5,2,4,C,,0
RUA 0,5,2,4,D,,0
RUA 0,5,2,4,E,,0
RUA 0,5,2,4,F,46888,0
RUA 0,5,2,5,A,94776,0
RUA 0,5,2,5,B,78235,0
RUA 0,5,2,5,C,47173;49163,0
RUA 0,5,2,5,D,,0
RUA 0,5,2,5,E,,0
RUA 0,5,2,5,F,,0
RUA 0,5,2,6,A,3529;03529,0
RUA 0,5,2,6,B,90451,0
RUA 0,5,2,6,C,57619,0
RUA 0,5,2,6,D,59627,0
RUA 0,5,2,6,E,,0
RUA 0,5,2,6,F,,0
RUA 0,6,2,1,A,,0
RUA 0,6,2,1,B,,0
RUA 0,6,2,1,C,,0
RUA 0,6,2,1,D,,0
RUA 0,6,2,1,E,,0
RUA 0,6,2,2,A,,0
RUA 0,6,2,2,B,,0
RUA 0,6,2,2,C,,0
RUA 0,6,2,2,D,,0
RUA 0,6,2,2,E,,0
RUA 0,6,2,3,A,,0
RUA 0,6,2,3,B,,0
RUA 0,6,2,3,C,,0
RUA 0,6,2,3,D,,0
RUA 0,6,2,3,E,,0
RUA 0,6,2,4,A,,0
RUA 0,6,2,4,B,,0
RUA 0,6,2,4,C,,0
RUA 0,6,2,4,D,,0
RUA 0,6,2,4,E,,0
RUA 0,6,2,5,A,,0
RUA 0,6,2,5,B,,0
RUA 0,6,2,5,C,,0
RUA 0,6,2,5,D,,0
RUA 0,6,2,5,E,,0
RUA 0,6,2,6,A,,0
RUA 0,6,2,6,B,,0
RUA 0,6,2,6,C,,0
RUA 0,6,2,6,D,,0
RUA 0,6,2,6,E,,0
RUA 0,7,2,1,A,,0
RUA 0,7,2,1,B,,0
RUA 0,7,2,1,C,,0
RUA 0,7,2,1,D,,0
RUA 0,7,2,1,E,,0
RUA 0,7,2,2,A,,0
RUA 0,7,2,2,B,,0
RUA 0,7,2,2,C,,0
RUA 0,7,2,2,D,,0
RUA 0,7,2,2,E,,0
RUA 0,7,2,3,A,,0
RUA 0,7,2,3,B,,0
RUA 0,7,2,3,C,,0
RUA 0,7,2,3,D,,0
RUA 0,7,2,3,E,,0
RUA 0,7,2,4,A,,0
RUA 0,7,2,4,B,,0
RUA 0,7,2,4,C,,0
RUA 0,7,2,4,D,,0
RUA 0,7,2,4,E,,0
RUA 0,7,2,5,A,,0
RUA 0,7,2,5,B,,0
RUA 0,7,2,5,C,,0
RUA 0,7,2,5,D,,0
RUA 0,7,2,5,E,,0
RUA 0,7,2,6,A,,0
RUA 0,7,2,6,B,,0
RUA 0,7,2,6,C,,0
RUA 0,7,2,6,D,,0
RUA 0,7,2,6,E,,0
RUA 0,8,2,1,A,,0
RUA 0,8,2,1,B,,0
RUA 0,8,2,1,C,,0
RUA 0,8,2,1,D,,0
RUA 0,8,2,1,E,,0
RUA 0,8,2,2,A,,0
RUA 0,8,2,2,B,,0
RUA 0,8,2,2,C,,0
RUA 0,8,2,2,D,,0
RUA 0,8,2,2,E,,0
RUA 0,8,2,3,A,,0
RUA 0,8,2,3,B,,0
RUA 0,8,2,3,C,,0
RUA 0,8,2,3,D,,0
RUA 0,8,2,3,E,,0
RUA 0,8,2,4,A,,0
RUA 0,8,2,4,B,,0
RUA 0,8,2,4,C,,0
RUA 0,8,2,4,D,,0
RUA 0,8,2,4,E,,0
RUA 0,8,2,5,A,,0
RUA 0,8,2,5,B,,0
RUA 0,8,2,5,C,,0
RUA 0,8,2,5,D,,0
RUA 0,8,2,5,E,,0
RUA 0,8,2,6,A,,0
RUA 0,8,2,6,B,,0
RUA 0,8,2,6,C,,0
RUA 0,8,2,6,D,,0
RUA 0,8,2,6,E,,0
RUA 0,9,2,1,A,,0
RUA 0,9,2,1,B,,0
RUA 0,9,2,1,C,,0
RUA 0,9,2,1,D,,0
RUA 0,9,2,1,E,,0
RUA 0,9,2,2,A,,0
RUA 0,9,2,2,B,,0
RUA 0,9,2,2,C,,0
RUA 0,9,2,2,D,,0
RUA 0,9,2,2,E,,0
RUA 0,9,2,3,A,,0
RUA 0,9,2,3,B,,0
RUA 0,9,2,3,C,,0
RUA 0,9,2,3,D,,0
RUA 0,9,2,3,E,,0
RUA 0,9,2,4,A,,0
RUA 0,9,2,4,B,,0
RUA 0,9,2,4,C,,0
RUA 0,9,2,4,D,,0
RUA 0,9,2,4,E,,0
RUA 0,9,2,5,A,,0
RUA 0,9,2,5,B,,0
RUA 0,9,2,5,C,,0
RUA 0,9,2,5,D,,0
RUA 0,9,2,5,E,,0
RUA 0,9,2,6,A,,0
RUA 0,9,2,6,B,,0
RUA 0,9,2,6,C,,0
RUA 0,9,2,6,D,,0
RUA 0,9,2,6,E,,0
RUA 0,10,2,1,A,,0
RUA 0,10,2,1,B,,0
RUA 0,10,2,1,C,,0
RUA 0,10,2,1,D,,0
RUA 0,10,2,1,E,,0
RUA 0,10,2,2,A,,0
RUA 0,10,2,2,B,,0
RUA 0,10,2,2,C,,0
RUA 0,10,2,2,D,,0
RUA 0,10,2,2,E,,0
RUA 0,10,2,3,A,,0
RUA 0,10,2,3,B,,0
RUA 0,10,2,3,C,,0
RUA 0,10,2,3,D,,0
RUA 0,10,2,3,E,,0
RUA 0,10,2,4,A,,0
RUA 0,10,2,4,B,,0
RUA 0,10,2,4,C,,0
RUA 0,10,2,4,D,,0
RUA 0,10,2,4,E,,0
RUA 0,10,2,5,A,,0
RUA 0,10,2,5,B,,0
RUA 0,10,2,5,C,,0
RUA 0,10,2,5,D,,0
RUA 0,10,2,5,E,,0
RUA 0,10,2,6,A,,0
RUA 0,10,2,6,B,,0
RUA 0,10,2,6,C,,0
RUA 0,10,2,6,D,,0
RUA 0,10,2,6,E,,0
BIN,1,4,1,A,49056,0
BIN,1,4,1,B,45568,0
BIN,1,4,1,C,50158,0
BIN,1,4,1,D,52995,0
BIN,1,4,1,E,53628,0
BIN,1,4,1,F,,0
BIN,1,4,1,G,59405,0
BIN,1,4,1,H,,0
BIN,1,4,1,I,,0
BIN,1,4,1,J,,0
BIN,1,4,1,K,,0
BIN,1,4,1,L,83617,0
BIN,1,4,2,A,57088,0
BIN,1,4,2,B,56254,0
BIN,1,4,2,C,50211,0
BIN,1,4,2,D,,0
BIN,1,4,2,E,,0
BIN,1,4,2,F,86017,0
BIN,1,4,2,G,45557,0
BIN,1,4,2,H,,0
BIN,1,4,2,I,50397,0
BIN,1,4,2,J,52671,0
BIN,1,4,2,K,83668,0
BIN,1,4,2,L,,0
BIN,1,4,3,A,,0
BIN,1,4,3,B,58775,0
BIN,1,4,3,C,51595,0
BIN,1,4,3,D,50568,0
BIN,1,4,3,E,,0
BIN,1,4,3,F,49917,0
BIN,1,4,3,G,47550,0
BIN,1,4,3,H,89457,0
BIN,1,4,3,I,47383,0
BIN,1,4,3,J,,0
BIN,1,4,3,K,,0
BIN,1,4,3,L,,0
BIN,1,4,4,A,,0
BIN,1,4,4,B,84481,0
BIN,1,4,4,C,49053,0
BIN,1,4,4,D,,0
BIN,1,4,4,E,,0
BIN,1,4,4,F,,0
BIN,1,4,4,G,,0
BIN,1,4,4,H,,0
BIN,1,4,4,I,,0
BIN,1,4,4,J,,0
BIN,1,4,4,K,50225,0
BIN,1,4,4,L,,0
BIN,1,4,5,A,47884,0
BIN,1,4,5,B,,0
BIN,1,4,5,C,57730,0
BIN,1,4,5,D,,0
BIN,1,4,5,E,,0
BIN,1,4,5,F,,0
BIN,1,4,5,G,,0
BIN,1,4,5,H,,0
BIN,1,4,5,I,,0
BIN,1,4,5,J,,0
BIN,1,4,5,K,,0
BIN,1,4,5,L,,0
CONFERÊNCIA,1,4,1,A,95811;95810;95789;95790;95808;95809;96651;97039;97219;97225;97228;97232;97440;97441;97718,0
DATA CRÍTICA,1,4,1,A,80852;47914;49538;50047;53001;53147;49093;52702;52884;53485;53688;54157;56708'.71986'.05545'.48255'.07450'.07194'.49217'.93737'.47178'.53467'.52072'.53685'.53543'.,0
PRESENTES,1,4,1,A,43092;03554;46752;33366;46976;47163;53560;53559;53944;53651;54865;56533;51442;57611;57612;57618;85705;85706;85707;85708;85815;44150;86015;86509;88343;88344;90758;94686;94783;94781;94782;95134;94363;94358;96584;97579,0
RUA 0 (ESTOJOS),1,,1,A,,0
